["```\nmysql> `CREATE` `TABLE` `recommend`\n    ->    `film_id` `SMALLINT` `UNSIGNED``,`\n    ->    `language_id` `TINYINT` `UNSIGNED``,`\n    ->    `release_year` `YEAR``,`\n    ->    `title` `VARCHAR``(``128``)``,`\n    ->    `length` `SMALLINT` `UNSIGNED``,`\n    ->    `sequence_id` `SMALLINT` `AUTO_INCREMENT``,`\n    ->    `PRIMARY` `KEY` `(``sequence_id``)`\n    -> `)``;`\n```", "```\nQuery OK, 0 rows affected (0.05 sec)\n```", "```\nmysql> `INSERT` `INTO` `recommend` `(``film_id``,` `language_id``,` `release_year``,` `title``,` `length``)`\n    -> `SELECT` `film_id``,` `language_id``,` `release_year``,` `title``,` `length`\n    -> `FROM` `film` `ORDER` `BY` `RAND``(``)` `LIMIT` `10``;`\n```", "```\nQuery OK, 10 rows affected (0.02 sec)\nRecords: 10  Duplicates: 0  Warnings: 0\n```", "```\nmysql> `SELECT` `*` `FROM` `recommend``;`\n```", "```\n+---------+-----+--------------------+--------+-------------+\n| film_id | ... | title              | length | sequence_id |\n+---------+-----+--------------------+--------+-------------+\n|     542 | ... | LUST LOCK          |     52 |           1 |\n|     661 | ... | PAST SUICIDES      |    157 |           2 |\n|     613 | ... | MYSTIC TRUMAN      |     92 |           3 |\n|     757 | ... | SAGEBRUSH CLUELESS |    106 |           4 |\n|     940 | ... | VICTORY ACADEMY    |     64 |           5 |\n|     917 | ... | TUXEDO MILE        |    152 |           6 |\n|     709 | ... | RACER EGG          |    147 |           7 |\n|     524 | ... | LION UNCUT         |     50 |           8 |\n|      30 | ... | ANYTHING SAVANNAH  |     82 |           9 |\n|     602 | ... | MOURNING PURPLE    |    146 |          10 |\n+---------+-----+--------------------+--------+-------------+\n10 rows in set (0.00 sec)\n```", "```\nmysql> `SELECT` `RAND``(``)``;`\n```", "```\n+--------------------+\n| RAND()             |\n+--------------------+\n| 0.4593397513584604 |\n+--------------------+\n1 row in set (0.00 sec)\n```", "```\nmysql> `SELECT` `title``,` `RAND``(``)` `FROM` `film` `LIMIT` `5``;`\n```", "```\n+------------------+---------------------+\n| title            | RAND()              |\n+------------------+---------------------+\n| ACADEMY DINOSAUR |  0.5514843506286706 |\n| ACE GOLDFINGER   | 0.37940252980161693 |\n| ADAPTATION HOLES |  0.2425596278557178 |\n| AFFAIR PREJUDICE | 0.07459058060738312 |\n| AFRICAN EGG      |  0.6452740502034072 |\n+------------------+---------------------+\n5 rows in set (0.00 sec)\n```", "```\n`SELECT` `title``,` `RAND``(``1``)` `FROM` `film` `LIMIT` `5``;`\n```", "```\nmysql> `CREATE` `DATABASE` `art``;`\n```", "```\nQuery OK, 1 row affected (0.01 sec)\n```", "```\nmysql> `USE` `art``;`\n```", "```\nDatabase changed\n```", "```\nmysql> `CREATE` `TABLE` `people`\n    ->   `person_id` `SMALLINT` `UNSIGNED``,`\n    ->   `first_name` `VARCHAR``(``45``)``,`\n    ->   `last_name` `VARCHAR``(``45``)``,`\n    ->   `PRIMARY` `KEY` `(``person_id``)`\n    -> `)``;`\n```", "```\nQuery OK, 0 rows affected (0.03 sec)\n```", "```\nmysql> `INSERT` `INTO` `art``.``people` `(``person_id``,` `first_name``,` `last_name``)`\n    -> `SELECT` `actor_id``,` `first_name``,` `last_name` `FROM` `sakila``.``actor``;`\n```", "```\nQuery OK, 200 rows affected (0.01 sec)\nRecords: 200  Duplicates: 0  Warnings: 0\n```", "```\nmysql> `USE` `sakila``;`\n```", "```\nDatabase changed\n```", "```\nmysql> `INSERT` `INTO` `recommend` `(``film_id``,` `language_id``,` `release_year``,`\n    -> `title``,` `length``,` `sequence_id` `)`\n    -> `SELECT` `film_id``,` `language_id``,` `release_year``,` `title``,` `length``,` `1`\n    -> `FROM` `film` `LIMIT` `1``;`\n```", "```\nERROR 1062 (23000): Duplicate entry '1' for key 'recommend.PRIMARY'\n```", "```\nmysql> `INSERT` `IGNORE` `INTO` `recommend` `(``film_id``,` `language_id``,` `release_year``,`\n    -> `title``,` `length``,` `sequence_id` `)`\n    -> `SELECT` `film_id``,` `language_id``,` `release_year``,` `title``,` `length``,` `1`\n    -> `FROM` `film` `LIMIT` `1``;`\n```", "```\nQuery OK, 0 rows affected, 1 warning (0.00 sec)\nRecords: 1  Duplicates: 1  Warnings: 1\n```", "```\nmysql> `SHOW` `WARNINGS``;`\n```", "```\n+---------+------+-------------------------------------------------+\n| Level   | Code | Message                                         |\n+---------+------+-------------------------------------------------+\n| Warning | 1062 | Duplicate entry '1' for key 'recommend.PRIMARY' |\n+---------+------+-------------------------------------------------+\n1 row in set (0.00 sec)\n```", "```\nmysql> `INSERT` `INTO` `actor` `SELECT`\n    -> `actor_id``,` `first_name``,` `last_name``,` `NOW``(``)` `FROM` `actor``;`\n```", "```\nERROR 1062 (23000): Duplicate entry '1' for key 'actor.PRIMARY'\n```", "```\n`INSERT` `INTO` `actor``(``first_name``,` `last_name``,` `last_update``)`\n`SELECT` `first_name``,` `last_name``,` `NOW``(``)` `FROM` `actor` `LIMIT` `1``;`\n```", "```\nmysql> `INSERT` `INTO` `actor` `SELECT`\n    -> `actor_id``+``200``,` `first_name``,` `last_name``,` `NOW``(``)` `FROM` `actor``;`\n```", "```\nQuery OK, 200 rows affected (0.01 sec)\nRecords: 200  Duplicates: 0  Warnings: 0\n```", "```\nmysql> `SELECT` `*` `FROM` `actor``;`\n```", "```\n+----------+-------------+--------------+---------------------+\n| actor_id | first_name  | last_name    | last_update         |\n+----------+-------------+--------------+---------------------+\n|        1 | PENELOPE    | GUINESS      | 2006-02-15 04:34:33 |\n|        2 | NICK        | WAHLBERG     | 2006-02-15 04:34:33 |\n|      ...                                                    |\n|      198 | MARY        | KEITEL       | 2006-02-15 04:34:33 |\n|      199 | JULIA       | FAWCETT      | 2006-02-15 04:34:33 |\n|      200 | THORA       | TEMPLE       | 2006-02-15 04:34:33 |\n|      201 | PENELOPE    | GUINESS      | 2021-02-28 10:24:49 |\n|      202 | NICK        | WAHLBERG     | 2021-02-28 10:24:49 |\n|      ...                                                    |\n|      398 | MARY        | KEITEL       | 2021-02-28 10:24:49 |\n|      399 | JULIA       | FAWCETT      | 2021-02-28 10:24:49 |\n|      400 | THORA       | TEMPLE       | 2021-02-28 10:24:49 |\n+----------+-------------+--------------+---------------------+\n400 rows in set (0.00 sec)\n```", "```\n*INSERT INTO actor SELECT * FROM*\n*(SELECT actor_id+400, first_name, last_name, NOW() FROM actor) foo;*\n```", "```\nCenter,Center Search Status,Facility,FacilityURL,Occupied,Status,...\nKennedy Space Center,Public,Control Room 2/1726/HGR-S ,,...\nLangley Research Center,Public,Micometeroid/LDEF Analysis Laboratory,,...\nKennedy Space Center,Public,SRM Rotation and Processing Facility/K6-0494 ,...\nMarshall Space Flight Center,...\"35812(34.729538, -86.585283)\",Huntsville,...\n```", "```\nmysql> `CREATE` `DATABASE` `nasa``;`\n```", "```\nQuery OK, 1 row affected (0.01 sec)\n```", "```\nmysql> `USE` `nasa``;`\n```", "```\nDatabase changed\n```", "```\nmysql> `CREATE` `TABLE` `facilities` `(`\n    ->   `center` `TEXT``,`\n    ->   `center_search_status` `TEXT``,`\n    ->   `facility` `TEXT``,`\n    ->   `facility_url` `TEXT``,`\n    ->   `occupied` `TEXT``,`\n    ->   `status` `TEXT``,`\n    ->   `url_link` `TEXT``,`\n    ->   `record_date` `DATETIME``,`\n    ->   `last_update` `TIMESTAMP` `NULL``,`\n    ->   `country` `TEXT``,`\n    ->   `contact` `TEXT``,`\n    ->   `phone` `TEXT``,`\n    ->   `location` `TEXT``,`\n    ->   `city` `TEXT``,`\n    ->   `state` `TEXT``,`\n    ->   `zipcode` `TEXT`\n    -> `)``;`\n```", "```\nQuery OK, 0 rows affected (0.03 sec)\n```", "```\nmysql> `LOAD` `DATA` `INFILE` `'NASA_Facilities.csv'` `INTO` `TABLE` `facilities`\n    -> `FIELDS` `TERMINATED` `BY` `','``;`\n```", "```\nERROR 1290 (HY000): The MySQL server is running with\nthe --secure-file-priv option so it cannot execute this statement\n```", "```\nmysql> `SELECT` `@``@``secure_file_priv``;`\n```", "```\n+-----------------------+\n| @@secure_file_priv    |\n+-----------------------+\n| /var/lib/mysql-files/ |\n+-----------------------+\n1 row in set (0.00 sec)\n```", "```\nmysql> `SELECT` `@``@``secure_file_priv``;`\n```", "```\n+------------------------------------------------+\n| @@secure_file_priv                             |\n+------------------------------------------------+\n| C:\\ProgramData\\MySQL\\MySQL Server 8.0\\Uploads\\ |\n+------------------------------------------------+\n1 row in set (0.00 sec)\n```", "```\n$ ls -lh $HOME/Downloads/NASA_Facilities.csv\n-rw-r--r--. 1 skuzmichev skuzmichev 114K\n    Feb 28 14:19 /home/skuzmichev/Downloads/NASA_Facilities.csv\n$ sudo cp -vip ~/Downloads/NASA_Facilities.csv /var/lib/mysql-files\n[sudo] password for skuzmichev:\n'/home/skuzmichev/Downloads/NASA_Facilities.csv'\n    -> '/var/lib/mysql-files/NASA_Facilities.csv'\n$ sudo chown mysql:mysql /var/lib/mysql-files/NASA_Facilities.csv\n$ sudo ls -lh /var/lib/mysql-files/NASA_Facilities.csv\n-rw-r--r--. 1 mysql mysql 114K\n    Feb 28 14:19 /var/lib/mysql-files/NASA_Facilities.csv\n```", "```\nmysql> `LOAD` `DATA` `INFILE` `'/var/lib/mysql-files/NASA_Facilities.csv'`\n    -> `INTO` `TABLE` `facilities` `FIELDS` `TERMINATED` `BY` `','``;`\n```", "```\nERROR 1292 (22007): Incorrect datetime value:\n'Record Date' for column 'record_date' at row 1\n```", "```\nmysql> `LOAD` `DATA` `INFILE` `'/var/lib/mysql-files/NASA_Facilities.csv'`\n    -> `INTO` `TABLE` `facilities` `FIELDS` `TERMINATED` `BY` `','`\n    -> `IGNORE` `1` `LINES``;`\n```", "```\nERROR 1292 (22007): Incorrect datetime value:\n'03/01/1996 12:00:00 AM' for column 'record_date' at row 1\n```", "```\nmysql> `LOAD` `DATA` `INFILE`\n    -> `'C:\\ProgramData\\MySQL\\MySQL Server 8.0\\Uploads\\NASA_Facilities.csv'`\n    -> `INTO` `TABLE` `facilities` `FIELDS` `TERMINATED` `BY` `','``;`\n```", "```\nERROR 1290 (HY000): The MySQL server is running with\nthe --secure-file-priv option so it cannot execute this statement\n```", "```\nmysql> `LOAD` `DATA` `INFILE`\n    -> `'C:\\\\ProgramData\\\\MySQL\\\\MySQL Server 8.0\\\\Uploads\\\\NASA_Facilities.csv'`\n    -> `INTO` `TABLE` `facilities` `FIELDS` `TERMINATED` `BY` `','``;`\n```", "```\nERROR 1292 (22007): Incorrect datetime value:\n'Record Date' for column 'record_date' at row 1\n```", "```\nmysql> `LOAD` `DATA` `INFILE`\n    -> `'C:/ProgramData/MySQL/MySQL Server 8.0/Uploads/NASA_Facilities.csv'`\n    -> `INTO` `TABLE` `facilities` `FIELDS` `TERMINATED` `BY` `','``;`\n```", "```\nERROR 1292 (22007): Incorrect datetime value:\n'Record Date' for column 'record_date' at row 1\n```", "```\nmysql> `SELECT` `STR_TO_DATE``(``'03/01/1996 12:00:00 AM'``,`\n    -> `'%m/%d/%Y %h:%i:%s %p'``)` `converted``;`\n```", "```\n+---------------------+\n| converted           |\n+---------------------+\n| 1996-03-01 00:00:00 |\n+---------------------+\n1 row in set (0.01 sec)\n```", "```\nmysql> `LOAD` `DATA` `INFILE` `'/var/lib/mysql-files/NASA_Facilities.csv'`\n    -> `INTO` `TABLE` `facilities` `FIELDS` `TERMINATED` `BY` `','`\n    -> `OPTIONALLY` `ENCLOSED` `BY` `'\"'`\n    -> `IGNORE` `1` `LINES`\n    -> `(``center``,` `center_search_status``,` `facility``,` `facility_url``,`\n    -> `occupied``,` `status``,` `url_link``,` `@``var_record_date``,` `@``var_last_update``,`\n    -> `country``,` `contact``,` `phone``,` `location``,` `city``,` `state``,` `zipcode``)`\n    -> `SET` `record_date` `=` `IF``(`\n    ->   `CHAR_LENGTH``(``@``var_record_date``)``=``0``,` `NULL``,`\n    ->     `STR_TO_DATE``(``@``var_record_date``,` `'%m/%d/%Y %h:%i:%s %p'``)`\n    -> `)``,`\n    -> `last_update` `=` `IF``(`\n    ->   `CHAR_LENGTH``(``@``var_last_update``)``=``0``,` `NULL``,`\n    ->     `STR_TO_DATE``(``@``var_last_update``,` `'%m/%d/%Y %h:%i:%s %p'``)`\n    -> `)``;`\n```", "```\nQuery OK, 485 rows affected (0.05 sec)\nRecords: 485  Deleted: 0  Skipped: 0  Warnings: 0\n```", "```\nmysql> `SELECT` `facility``,` `occupied``,` `last_update`\n    -> `FROM` `facilities`\n    -> `ORDER` `BY` `last_update` `DESC` `LIMIT` `5``;`\n```", "```\n+---------------------...+------------------------+---------------------+\n| facility            ...| occupied               | last_update         |\n+---------------------...+------------------------+---------------------+\n| Turn Basin/K7-1005  ...| 01/01/1963 12:00:00 AM | 2015-06-22 00:00:00 |\n| RPSF Surge Building ...| 01/01/1984 12:00:00 AM | 2015-06-22 00:00:00 |\n| Thermal Protection S...| 01/01/1988 12:00:00 AM | 2015-06-22 00:00:00 |\n| Intermediate Bay/M7-...| 01/01/1995 12:00:00 AM | 2015-06-22 00:00:00 |\n| Orbiter Processing F...| 01/01/1987 12:00:00 AM | 2015-06-22 00:00:00 |\n+---------------------...+------------------------+---------------------+\n5 rows in set (0.00 sec)\n```", "```\nmysql> `USE` `employees``;`\n```", "```\nDatabase changed\n```", "```\nmysql> `SELECT` `emp_no``,` `first_name``,` `last_name``,` `title``,` `from_date`\n    -> `FROM` `employees` `JOIN` `titles` `USING` `(``emp_no``)`\n    -> `WHERE` `title` `=` `'Manager'` `AND` `to_date` `=` `'9999-01-01'``;`\n```", "```\n+--------+------------+------------+---------+------------+\n| emp_no | first_name | last_name  | title   | from_date  |\n+--------+------------+------------+---------+------------+\n| 110039 | Vishwani   | Minakawa   | Manager | 1991-10-01 |\n| 110114 | Isamu      | Legleitner | Manager | 1989-12-17 |\n| 110228 | Karsten    | Sigstam    | Manager | 1992-03-21 |\n| 110420 | Oscar      | Ghazalie   | Manager | 1996-08-30 |\n| 110567 | Leon       | DasSarma   | Manager | 1992-04-25 |\n| 110854 | Dung       | Pesch      | Manager | 1994-06-28 |\n| 111133 | Hauke      | Zhang      | Manager | 1991-03-07 |\n| 111534 | Hilary     | Kambil     | Manager | 1991-04-08 |\n| 111939 | Yuchang    | Weedman    | Manager | 1996-01-03 |\n+--------+------------+------------+---------+------------+\n9 rows in set (0.13 sec)\n```", "```\nmysql> `SELECT` `emp_no``,` `first_name``,` `last_name``,` `title``,` `from_date`\n    -> `FROM` `employees` `JOIN` `titles` `USING` `(``emp_no``)`\n    -> `WHERE` `title` `=` `'Manager'` `AND` `to_date` `=` `'9999-01-01'`\n    -> `INTO` `OUTFILE` `'/var/lib/mysql-files/managers.csv'`\n    -> `FIELDS` `TERMINATED` `BY` `','``;`\n```", "```\nQuery OK, 9 rows affected (0.14 sec)\n```", "```\n110039,Vishwani,Minakawa,Manager,1991-10-01\n110114,Isamu,Legleitner,Manager,1989-12-17\n110228,Karsten,Sigstam,Manager,1992-03-21\n110420,Oscar,Ghazalie,Manager,1996-08-30\n110567,Leon,DasSarma,Manager,1992-04-25\n110854,Dung,Pesch,Manager,1994-06-28\n111133,Hauke,Zhang,Manager,1991-03-07\n111534,Hilary,Kambil,Manager,1991-04-08\n111939,Yuchang,Weedman,Manager,1996-01-03\n```", "```\nmysql> `USE` `sakila``;`\n```", "```\nDatabase changed\n```", "```\nmysql> `SELECT` `title``,` `special_features` `FROM` `film` `LIMIT` `10`\n    -> `INTO` `OUTFILE` `'/var/lib/mysql-files/film.csv'`\n    -> `FIELDS` `TERMINATED` `BY` `','``;`\n```", "```\nQuery OK, 10 rows affected (0.00 sec)\n```", "```\nACADEMY DINOSAUR,Deleted Scenes\\,Behind the Scenes\nACE GOLDFINGER,Trailers\\,Deleted Scenes\nADAPTATION HOLES,Trailers\\,Deleted Scenes\nAFFAIR PREJUDICE,Commentaries\\,Behind the Scenes\nAFRICAN EGG,Deleted Scenes\nAGENT TRUMAN,Deleted Scenes\nAIRPLANE SIERRA,Trailers\\,Deleted Scenes\nAIRPORT POLLOCK,Trailers\nALABAMA DEVIL,Trailers\\,Deleted Scenes\nALADDIN CALENDAR,Trailers\\,Deleted Scenes\n```", "```\nmysql> `SELECT` `title``,` `special_features` `FROM` `film` `LIMIT` `10`\n    -> `INTO` `OUTFILE` `'/var/lib/mysql-files/film_quoted.csv'`\n    -> `FIELDS` `TERMINATED` `BY` `','` `ENCLOSED` `BY` `'\"'``;`\n```", "```\nQuery OK, 10 rows affected (0.00 sec)\n```", "```\n\"ACADEMY DINOSAUR\",\"Deleted Scenes,Behind the Scenes\"\n\"ACE GOLDFINGER\",\"Trailers,Deleted Scenes\"\n\"ADAPTATION HOLES\",\"Trailers,Deleted Scenes\"\n\"AFFAIR PREJUDICE\",\"Commentaries,Behind the Scenes\"\n\"AFRICAN EGG\",\"Deleted Scenes\"\n\"AGENT TRUMAN\",\"Deleted Scenes\"\n\"AIRPLANE SIERRA\",\"Trailers,Deleted Scenes\"\n\"AIRPORT POLLOCK\",\"Trailers\"\n\"ALABAMA DEVIL\",\"Trailers,Deleted Scenes\"\n\"ALADDIN CALENDAR\",\"Trailers,Deleted Scenes\"\n```", "```\nmysql> `USE` `sakila``;`\n```", "```\nDatabase changed\n```", "```\nmysql> `CREATE` `TABLE` `actor_2` `LIKE` `actor``;`\n```", "```\nQuery OK, 0 rows affected (0.24 sec)\n```", "```\nmysql> `DESCRIBE` `actor_2``;`\n```", "```\n+-------------+-------------------+------+-----+...\n| Field       | Type              | Null | Key |...\n+-------------+-------------------+------+-----+...\n| actor_id    | smallint unsigned | NO   | PRI |...\n| first_name  | varchar(45)       | NO   |     |...\n| last_name   | varchar(45)       | NO   | MUL |...\n| last_update | timestamp         | NO   |     |...\n+-------------+-------------------+------+-----+...\n```", "```\n...+-------------------+-----------------------------------------------+\n...| Default           | Extra                                         |\n...+-------------------+-----------------------------------------------+\n...| NULL              | auto_increment                                |\n...| NULL              |                                               |\n...| NULL              |                                               |\n...| CURRENT_TIMESTAMP | DEFAULT_GENERATED on update CURRENT_TIMESTAMP |\n...+-------------------+-----------------------------------------------+\n4 rows in set (0.01 sec)\n```", "```\nmysql> `SELECT` `*` `FROM` `actor_2``;`\n```", "```\nEmpty set (0.00 sec)\n```", "```\nmysql> `DROP` `TABLE` `actor_2``;`\n```", "```\nQuery OK, 0 rows affected (0.08 sec)\n```", "```\nmysql> `CREATE` `TABLE` `actor_2` `AS` `SELECT` `*` `from` `actor``;`\n```", "```\nQuery OK, 200 rows affected (0.03 sec)\nRecords: 200  Duplicates: 0  Warnings: 0\n```", "```\nmysql> `SELECT` `*` `FROM` `actor_2` `LIMIT` `5``;`\n```", "```\n+----------+------------+--------------+---------------------+\n| actor_id | first_name | last_name    | last_update         |\n+----------+------------+--------------+---------------------+\n|        1 | PENELOPE   | GUINESS      | 2006-02-15 04:34:33 |\n|        2 | NICK       | WAHLBERG     | 2006-02-15 04:34:33 |\n|        3 | ED         | CHASE        | 2006-02-15 04:34:33 |\n|        4 | JENNIFER   | DAVIS        | 2006-02-15 04:34:33 |\n|        5 | JOHNNY     | LOLLOBRIGIDA | 2006-02-15 04:34:33 |\n+----------+------------+--------------+---------------------+\n5 rows in set (0.01 sec)\n```", "```\nmysql> `CREATE` `TABLE` `report` `(``title` `VARCHAR``(``128``)``,` `category` `VARCHAR``(``25``)``)`\n    -> `SELECT` `title``,` `name` `AS` `category` `FROM`\n    -> `film` `JOIN` `film_category` `USING` `(``film_id``)`\n    -> `JOIN` `category` `USING` `(``category_id``)``;`\n```", "```\nQuery OK, 1000 rows affected (0.06 sec)\nRecords: 1000  Duplicates: 0  Warnings: 0\n```", "```\nmysql> `SELECT` `*` `FROM` `report` `LIMIT` `5``;`\n```", "```\n+---------------------+----------+\n| title               | category |\n+---------------------+----------+\n| AMADEUS HOLY        | Action   |\n| AMERICAN CIRCUS     | Action   |\n| ANTITRUST TOMATOES  | Action   |\n| ARK RIDGEMONT       | Action   |\n| BAREFOOT MANCHURIAN | Action   |\n+---------------------+----------+\n5 rows in set (0.00 sec)\n```", "```\nmysql> `DESCRIBE` `actor_2``;`\n```", "```\n+-------------+-------------------+------+-----+...\n| Field       | Type              | Null | Key |...\n+-------------+-------------------+------+-----+...\n| actor_id    | smallint unsigned | NO   |     |...\n| first_name  | varchar(45)       | NO   |     |...\n| last_name   | varchar(45)       | NO   |     |...\n| last_update | timestamp         | NO   |     |...\n+-------------+-------------------+------+-----+...\n...+-------------------+-----------------------------------------------+\n...| Default           | Extra                                         |\n...+-------------------+-----------------------------------------------+\n...| 0                 |                                               |\n...| NULL              |                                               |\n...| NULL              |                                               |\n...| CURRENT_TIMESTAMP | DEFAULT_GENERATED on update CURRENT_TIMESTAMP |\n...+-------------------+-----------------------------------------------+\n4 rows in set (0.00 sec)\n```", "```\nmysql> `SHOW` `CREATE` `TABLE` `actor_2``\\``G`\n```", "```\n*************************** 1\\. row ***************************\n       Table: actor_2\nCreate Table: CREATE TABLE `actor_2` (\n  `actor_id` smallint unsigned NOT NULL DEFAULT '0',\n  `first_name` varchar(45) NOT NULL,\n  `last_name` varchar(45) NOT NULL,\n  `last_update` timestamp NOT NULL\n    DEFAULT CURRENT_TIMESTAMP\n    ON UPDATE CURRENT_TIMESTAMP\n) ENGINE=InnoDB DEFAULT CHARSET=utf8mb4\n    COLLATE=utf8mb4_0900_ai_ci\n1 row in set (0.00 sec)\n```", "```\nmysql> `DROP` `TABLE` `actor_2``;`\n```", "```\nQuery OK, 0 rows affected (0.04 sec)\n```", "```\nmysql> `CREATE` `TABLE` `actor_2` `(``UNIQUE``(``actor_id``)``)`\n    -> `AS` `SELECT` `*` `from` `actor``;`\n```", "```\nQuery OK, 200 rows affected (0.05 sec)\nRecords: 200  Duplicates: 0  Warnings: 0\n```", "```\nmysql> `DESCRIBE` `actor_2``;`\n```", "```\n+-------------+-------------------+------+-----+...\n| Field       | Type              | Null | Key |...\n+-------------+-------------------+------+-----+...\n| actor_id    | smallint unsigned | NO   | PRI |...\n| first_name  | varchar(45)       | NO   |     |...\n| last_name   | varchar(45)       | NO   |     |...\n| last_update | timestamp         | NO   |     |...\n+-------------+-------------------+------+-----+...\n```", "```\n...+-------------------+-----------------------------------------------+\n...| Default           | Extra                                         |\n...+-------------------+-----------------------------------------------+\n...| 0                 |                                               |\n...| NULL              |                                               |\n...| NULL              |                                               |\n...| CURRENT_TIMESTAMP | DEFAULT_GENERATED on update CURRENT_TIMESTAMP |\n...+-------------------+-----------------------------------------------+\n4 rows in set (0.01 sec)\n```", "```\nmysql> `CREATE` `TABLE` `actor_3` `(`\n    ->   `actor_id` `SMALLINT` `UNSIGNED` `NOT` `NULL` `AUTO_INCREMENT``,`\n    ->   `first_name` `VARCHAR``(``45``)` `NOT` `NULL``,`\n    ->   `last_name` `VARCHAR``(``45``)` `NOT` `NULL``,`\n    ->   `last_update` `TIMESTAMP` `NOT` `NULL`\n    ->     `DEFAULT` `CURRENT_TIMESTAMP` `ON` `UPDATE` `CURRENT_TIMESTAMP``,`\n    ->   `PRIMARY` `KEY` `(``actor_id``)``,`\n    ->   `KEY` `idx_actor_last_name` `(``last_name``)`\n    -> `)` `SELECT` `*` `FROM` `actor``;`\n```", "```\nQuery OK, 200 rows affected (0.05 sec)\nRecords: 200  Duplicates: 0  Warnings: 0\n```", "```\nmysql> `SELECT` `*` `FROM` `inventory` `WHERE` `NOT` `EXISTS`\n    -> `(``SELECT` `1` `FROM` `rental` `WHERE`\n    -> `rental``.``inventory_id` `=` `inventory``.``inventory_id``)``;`\n```", "```\n+--------------+---------+----------+---------------------+\n| inventory_id | film_id | store_id | last_update         |\n+--------------+---------+----------+---------------------+\n|            5 |       1 |        2 | 2006-02-15 05:09:17 |\n+--------------+---------+----------+---------------------+\n1 row in set (0.01 sec)\n```", "```\nmysql> `DELETE` `FROM` `inventory` `WHERE` `NOT` `EXISTS`\n    -> `(``SELECT` `1` `FROM` `rental` `WHERE`\n    -> `rental``.``inventory_id` `=` `inventory``.``inventory_id``)``;`\n```", "```\nQuery OK, 1 row affected (0.04 sec)\n```", "```\n`DELETE` `inventory` `FROM` `inventory` `LEFT` `JOIN` `rental`\n`USING` `(``inventory_id``)` `WHERE` `rental``.``inventory_id` `IS` `NULL``;`\n```", "```\n`DELETE` `FROM` `inventory` `USING` `inventory`\n`LEFT` `JOIN` `rental` `USING` `(``inventory_id``)`\n`WHERE` `rental``.``inventory_id` `IS` `NULL``;`\n```", "```\nmysql> `DELETE` `FROM` `film` `WHERE` `NOT` `EXISTS`\n    -> `(``SELECT` `1` `FROM` `inventory` `WHERE`\n    -> `film``.``film_id` `=` `inventory``.``film_id``)``;`\n```", "```\nERROR 1451 (23000): Cannot delete or update a parent row:\na foreign key constraint fails (\n`sakila`.`film_actor`, CONSTRAINT `fk_film_actor_film`\nFOREIGN KEY (`film_id`) REFERENCES `film` (`film_id`)\nON DELETE RESTRICT ON UPDATE CASCADE)\n```", "```\n`DELETE` `FROM` `film_actor``,` `film` `USING`\n`film` `JOIN` `film_actor` `USING` `(``film_id``)`\n`LEFT` `JOIN` `inventory` `USING` `(``film_id``)`\n`WHERE` `inventory``.``film_id` `IS` `NULL``;`\n```", "```\nmysql> `BEGIN``;`\n```", "```\nQuery OK, 0 rows affected (0.00 sec)\n```", "```\nmysql> `DELETE` `FROM` `film_actor` `USING`\n    -> `film` `JOIN` `film_actor` `USING` `(``film_id``)`\n    -> `LEFT` `JOIN` `inventory` `USING` `(``film_id``)`\n    -> `WHERE` `inventory``.``film_id` `IS` `NULL``;`\n```", "```\nQuery OK, 216 rows affected (0.01 sec)\n```", "```\nmysql> `DELETE` `FROM` `film_category` `USING`\n    -> `film` `JOIN` `film_category` `USING` `(``film_id``)`\n    -> `LEFT` `JOIN` `inventory` `USING` `(``film_id``)`\n    -> `WHERE` `inventory``.``film_id` `IS` `NULL``;`\n```", "```\nQuery OK, 42 rows affected (0.00 sec)\n```", "```\nmysql> `DELETE` `FROM` `film` `USING`\n    -> `film` `LEFT` `JOIN` `inventory` `USING` `(``film_id``)`\n    -> `WHERE` `inventory``.``film_id` `IS` `NULL``;`\n```", "```\nQuery OK, 42 rows affected (0.00 sec)\n```", "```\nmysql> `ROLLBACK``;`\n```", "```\nQuery OK, 0 rows affected (0.02 sec)\n```", "```\nmysql> `SET` `foreign_key_checks``=``0``;`\n```", "```\nQuery OK, 0 rows affected (0.00 sec)\n```", "```\nmysql> `BEGIN``;`\n```", "```\nQuery OK, 0 rows affected (0.00 sec)\n```", "```\nmysql> `DELETE` `FROM` `film``,` `film_actor``,` `film_category`\n    -> `USING` `film` `JOIN` `film_actor` `USING` `(``film_id``)`\n    -> `JOIN` `film_category` `USING` `(``film_id``)`\n    -> `LEFT` `JOIN` `inventory` `USING` `(``film_id``)`\n    -> `WHERE` `inventory``.``film_id` `IS` `NULL``;`\n```", "```\nQuery OK, 300 rows affected (0.03 sec)\n```", "```\nmysql> `ROLLBACK``;`\n```", "```\nQuery OK, 0 rows affected (0.00 sec)\n```", "```\nmysql> `SET` `foreign_key_checks``=``1``;`\n```", "```\nQuery OK, 0 rows affected (0.00 sec)\n```", "```\nmysql> `BEGIN``;`\n```", "```\nQuery OK, 0 rows affected (0.00 sec)\n```", "```\nmysql> `DELETE` `FROM` `film_actor``,` `film_category` `USING`\n    -> `film` `JOIN` `film_actor` `USING` `(``film_id``)`\n    -> `JOIN` `film_category` `USING` `(``film_id``)`\n    -> `LEFT` `JOIN` `inventory` `USING` `(``film_id``)`\n    -> `WHERE` `inventory``.``film_id` `IS` `NULL``;`\n```", "```\nQuery OK, 258 rows affected (0.02 sec)\n```", "```\nmysql> `DELETE` `FROM` `film` `USING`\n    -> `film` `LEFT` `JOIN` `inventory` `USING` `(``film_id``)`\n    -> `WHERE` `inventory``.``film_id` `IS` `NULL``;`\n```", "```\nQuery OK, 42 rows affected (0.01 sec)\n```", "```\nmysql> `ROLLBACK``;`\n```", "```\nQuery OK, 0 rows affected (0.01 sec)\n```", "```\nmysql> `SELECT` `name` `category``,` `title``,` `rating`\n    -> `FROM` `film` `JOIN` `film_category` `USING` `(``film_id``)`\n    -> `JOIN` `category` `USING` `(``category_id``)`\n    -> `WHERE` `name` `=` `'Horror'``;`\n```", "```\n+----------+-----------------------------+--------+\n| category | title                       | rating |\n+----------+-----------------------------+--------+\n| Horror   | ACE GOLDFINGER              | G      |\n| Horror   | AFFAIR PREJUDICE            | G      |\n| Horror   | AIRPORT POLLOCK             | R      |\n| Horror   | ALABAMA DEVIL               | PG-13  |\n| ...                                             |\n| Horror   | ZHIVAGO CORE                | NC-17  |\n+----------+-----------------------------+--------+\n56 rows in set (0.00 sec)\n```", "```\nmysql> `SELECT` `COUNT``(``title``)`\n    -> `FROM` `film` `JOIN` `film_category` `USING` `(``film_id``)`\n    -> `JOIN` `category` `USING` `(``category_id``)`\n    -> `WHERE` `name` `=` `'Horror'` `AND` `rating` `<``>` `'R'``;`\n```", "```\n+--------------+\n| COUNT(title) |\n+--------------+\n|           42 |\n+--------------+\n1 row in set (0.00 sec)\n```", "```\nmysql> `UPDATE` `film` `JOIN` `film_category` `USING` `(``film_id``)`\n    -> `JOIN` `category` `USING` `(``category_id``)`\n    -> `SET` `rating` `=` `'R'` `WHERE` `category``.``name` `=` `'Horror'``;`\n```", "```\nQuery OK, 42 rows affected (0.01 sec)\nRows matched: 56  Changed: 42  Warnings: 0\n```", "```\nmysql> `REPLACE` `INTO` `actor` `VALUES` `(``1``,` `'Penelope'``,` `'Guiness'``,` `NOW``(``)``)``;`\n```", "```\nERROR 1451 (23000): Cannot delete or update a parent row:\na foreign key constraint fails (`sakila`.`film_actor`,\nCONSTRAINT `fk_film_actor_actor` FOREIGN KEY (`actor_id`)\nREFERENCES `actor` (`actor_id`) ON DELETE RESTRICT ON UPDATE CASCADE)\n```", "```\nmysql> `REPLACE` `actor_2` `VALUES` `(``1``,` `'Penelope'``,` `'Guiness'``,` `NOW``(``)``)``;`\n```", "```\nQuery OK, 2 rows affected (0.00 sec)\n```", "```\nmysql> `REPLACE` `INTO` `actor_2` `VALUES` `(``1``,` `'Penelope'``,` `'Guiness'``,` `NOW``(``)``)``;`\n```", "```\nQuery OK, 2 rows affected (0.00 sec)\n```", "```\nmysql> `REPLACE` `INTO` `actor_2` `(``actor_id``,` `first_name``,` `last_name``)`\n    -> `VALUES` `(``1``,` `'Penelope'``,` `'Guiness'``)``;`\n```", "```\nQuery OK, 2 rows affected (0.00 sec)\n```", "```\nmysql> `REPLACE` `actor_2` `(``actor_id``,` `first_name``,` `last_name``)`\n    -> `VALUES` `(``1``,` `'Penelope'``,` `'Guiness'``)``;`\n```", "```\nQuery OK, 2 rows affected (0.00 sec)\n```", "```\nmysql> `REPLACE` `actor_2` `SET` `actor_id` `=` `1``,`\n    -> `first_name` `=` `'Penelope'``,` `last_name` `=` `'Guiness'``;`\n```", "```\nQuery OK, 2 rows affected (0.00 sec)\n```", "```\nmysql> `REPLACE` `actor_2` `(``actor_id``,` `first_name``,` `last_name``)`\n    -> `VALUES` `(``2``,` `'Nick'``,` `'Wahlberg'``)``,`\n    -> `(``3``,` `'Ed'``,` `'Chase'``)``;`\n```", "```\nQuery OK, 4 rows affected (0.00 sec)\nRecords: 2  Duplicates: 2  Warnings: 0\n```", "```\nmysql> `REPLACE` `actor_2` `(``actor_id``,` `first_name``,` `last_name``)`\n    -> `VALUES` `(``1000``,` `'William'``,` `'Dyer'``)``;`\n```", "```\nQuery OK, 1 row affected (0.00 sec)\n```", "```\nmysql> `REPLACE` `INTO` `recommend` `SELECT` `film_id``,` `language_id``,`\n    -> `release_year``,` `title``,` `length``,` `7` `FROM` `film`\n    -> `ORDER` `BY` `RAND``(``)` `LIMIT` `1``;`\n```", "```\nQuery OK, 2 rows affected (0.00 sec)\nRecords: 1  Duplicates: 1  Warnings: 0\n```", "```\nmysql> `INSERT` `INTO` `actor_3` `(``actor_id``,` `first_name``,` `last_name``)`\n    -> `VALUES` `(``1``,` `'Penelope'``,` `'Guiness'``)`\n    -> `ON` `DUPLICATE` `KEY` `UPDATE` `first_name` `=` `'Penelope'``,` `last_name` `=` `'Guiness'``;`\n```", "```\nQuery OK, 2 rows affected (0.00 sec)\n```", "```\nmysql> `INSERT` `INTO` `actor_3` `VALUES` `(``1``,` `'Penelope'``,` `'Guiness'``,` `NOW``(``)``)`\n    -> `ON` `DUPLICATE` `KEY` `UPDATE`\n    -> `actor_id` `=` `1``,` `first_name` `=` `'Penelope'``,`\n    -> `last_name` `=` `'Guiness'``,` `last_update` `=` `NOW``(``)``;`\n```", "```\nQuery OK, 2 rows affected (0.01 sec)\n```", "```\nmysql> `INSERT` `INTO` `actor_3` `(``actor_id``,` `first_name``,` `last_name``)` `VALUES`\n    -> `(``1``,` `'Penelope'``,` `'Guiness'``)``,` `(``2``,` `'Nick'``,` `'Wahlberg'``)``,`\n    -> `(``3``,` `'Ed'``,` `'Chase'``)``,` `(``1001``,` `'William'``,` `'Dyer'``)`\n    -> `ON` `DUPLICATE` `KEY` `UPDATE` `first_name` `=` `VALUES``(``first_name``)``,`\n    -> `last_name` `=` `VALUES``(``last_name``)``;`\n```", "```\nQuery OK, 5 rows affected (0.01 sec)\nRecords: 4  Duplicates: 2\n```", "```\nmysql> `EXPLAIN` `SELECT` `*` `FROM` `actor``\\``G`\n```", "```\n*************************** 1\\. row ***************************\n           id: 1\n  select_type: SIMPLE\n        table: actor\n   partitions: NULL\n         type: ALL\npossible_keys: NULL\n          key: NULL\n      key_len: NULL\n          ref: NULL\n         rows: 200\n     filtered: 100.00\n        Extra: NULL\n1 row in set, 1 warning (0.00 sec)\n```", "```\nmysql> `EXPLAIN` `SELECT` `*` `FROM` `actor` `WHERE` `actor_id` `IN`\n    -> `(``SELECT` `actor_id` `FROM` `film_actor`\n    -> `WHERE` `film_id` `=` `11``)``;`\n```", "```\n+----+-------------+------------+------------+--------+...\n| id | select_type | table      | partitions | type   |...\n+----+-------------+------------+------------+--------+...\n|  1 | SIMPLE      | film_actor | NULL       | ref    |...\n|  1 | SIMPLE      | actor      | NULL       | eq_ref |...\n+----+-------------+------------+------------+--------+...\n...+------------------------+----------------+---------+...\n...| possible_keys          | key            | key_len |...\n...+------------------------+----------------+---------+...\n...| PRIMARY,idx_fk_film_id | idx_fk_film_id | 2       |...\n...| PRIMARY                | PRIMARY        | 2       |...\n...+------------------------+----------------+---------+...\n```", "```\n...+----------------------------+------+----------+-------------+\n...| ref                        | rows | filtered | Extra       |\n...+----------------------------+------+----------+-------------+\n...| const                      |    4 |   100.00 | Using index |\n...| sakila.film_actor.actor_id |    1 |   100.00 | NULL        |\n...+----------------------------+------+----------+-------------+\n2 rows in set, 1 warning (0.00 sec)\n```", "```\nmysql> `SHOW` `WARNINGS``\\``G`\n```", "```\n*************************** 1\\. row ***************************\n\n  Level: Note\n   Code: 1003\nMessage: /* select#1 */ select\n`sakila`.`actor`.`actor_id` AS `actor_id`,\n`sakila`.`actor`.`first_name` AS `first_name`,\n`sakila`.`actor`.`last_name` AS `last_name`,\n`sakila`.`actor`.`last_update` AS `last_update`\nfrom `sakila`.`film_actor` join `sakila`.`actor` where\n((`sakila`.`actor`.`actor_id` = `sakila`.`film_actor`.`actor_id`)\nand (`sakila`.`film_actor`.`film_id` = 11))\n1 row in set (0.00 sec)\n```", "```\nmysql> `EXPLAIN` `SELECT` `*` `FROM` `actor` `WHERE` `actor_id` `IN`\n    -> `(``SELECT` `actor_id` `FROM` `film_actor` `JOIN`\n    -> `film` `USING` `(``film_id``)`\n    -> `WHERE` `title` `=` `'ZHIVAGO CORE'``)``;`\n```", "```\n+----+--------------+-------------+------------+------+...\n| id | select_type  | table       | partitions | type |...\n+----+--------------+-------------+------------+------+...\n|  1 | SIMPLE       | <subquery2> | NULL       | ALL  |...\n|  1 | SIMPLE       | actor       | NULL       | ALL  |...\n|  2 | MATERIALIZED | film        | NULL       | ref  |...\n|  2 | MATERIALIZED | film_actor  | NULL       | ref  |...\n+----+--------------+-------------+------------+------+...\n...+------------------------+----------------+---------+---------------------+...\n...| possible_keys          | key            | key_len | ref                 |...\n...+------------------------+----------------+---------+---------------------+...\n...| NULL                   | NULL           | NULL    | NULL                |...\n...| PRIMARY                | NULL           | NULL    | NULL                |...\n...| PRIMARY,idx_title      | idx_title      | 514     | const               |...\n...| PRIMARY,idx_fk_film_id | idx_fk_film_id | 2       | sakila.film.film_id |...\n...+------------------------+----------------+---------+---------------------+...\n```", "```\n...+------+----------+--------------------------------------------+\n...| rows | filtered | Extra                                      |\n...+------+----------+--------------------------------------------+\n...| NULL |   100.00 | NULL                                       |\n...|  200 |     0.50 | Using where; Using join buffer (hash join) |\n...|    1 |   100.00 | Using index                                |\n...|    5 |   100.00 | Using index                                |\n...+------+----------+--------------------------------------------+\n4 rows in set, 1 warning (0.01 sec)\n```", "```\nmysql> `EXPLAIN` `SELECT` `first_name``,` `last_name` `FROM` `actor`\n    -> `JOIN` `film_actor` `USING` `(``actor_id``)`\n    -> `JOIN` `film` `USING` `(``film_id``)`\n    -> `JOIN` `film_category` `USING` `(``film_id``)`\n    -> `JOIN` `category` `USING` `(``category_id``)`\n    -> `WHERE` `category``.``name` `=` `'Horror'``;`\n```", "```\n+----+-------------+---------------+------------+--------+...\n| id | select_type | table         | partitions | type   |...\n+----+-------------+---------------+------------+--------+...\n|  1 | SIMPLE      | category      | NULL       | ALL    |...\n|  1 | SIMPLE      | film_category | NULL       | ref    |...\n|  1 | SIMPLE      | film          | NULL       | eq_ref |...\n|  1 | SIMPLE      | film_actor    | NULL       | ref    |...\n|  1 | SIMPLE      | actor         | NULL       | eq_ref |...\n+----+-------------+---------------+------------+--------+...\n...+-----------------------------------+---------------------------+---------+...\n...| possible_keys                     | key                       | key_len |...\n...+-----------------------------------+---------------------------+---------+...\n...| PRIMARY                           | NULL                      | NULL    |...\n...| PRIMARY,fk_film_category_category | fk_film_category_category | 1       |...\n...| PRIMARY                           | PRIMARY                   | 2       |...\n...| PRIMARY,idx_fk_film_id            | idx_fk_film_id            | 2       |...\n...| PRIMARY                           | PRIMARY                   | 2       |...\n...+-----------------------------------+---------------------------+---------+...\n```", "```\n...+------------------------------+------+----------+-------------+\n...| ref                          | rows | filtered | Extra       |\n...+------------------------------+------+----------+-------------+\n...| NULL                         |   16 |    10.00 | Using where |\n...| sakila.category.category_id  |   62 |   100.00 | Using index |\n...| sakila.film_category.film_id |    1 |   100.00 | Using index |\n...| sakila.film_category.film_id |    5 |   100.00 | Using index |\n...| sakila.film_actor.actor_id   |    1 |   100.00 | NULL        |\n...+------------------------------+------+----------+-------------+\n5 rows in set, 1 warning (0.00 sec)\n```", "```\nmysql> `EXPLAIN` `ANALYZE` `SELECT` `first_name``,` `last_name`\n    -> `FROM` `actor` `JOIN` `film_actor` `USING` `(``actor_id``)`\n    -> `JOIN` `film` `USING` `(``film_id``)`\n    -> `WHERE` `title` `=` `'ZHIVAGO CORE'``\\``G`\n```", "```\n*************************** 1\\. row ***************************\nEXPLAIN:\n-> Nested loop inner join\n   (cost=3.07 rows=5)\n   (actual time=0.036..0.055 rows=6 loops=1)\n  -> Nested loop inner join\n     (cost=1.15 rows=5)\n     (actual time=0.028..0.034 rows=6 loops=1)\n    -> Index lookup on film\n       using idx_title (title='ZHIVAGO CORE')\n       (cost=0.35 rows=1)\n       (actual time=0.017..0.018 rows=1 loops=1)\n    -> Index lookup on film_actor\n       using idx_fk_film_id (film_id=film.film_id)\n       (cost=0.80 rows=5)\n       (actual time=0.010..0.015 rows=6 loops=1)\n  -> Single-row index lookup on actor\n     using PRIMARY (actor_id=film_actor.actor_id)\n     (cost=0.27 rows=1)\n     (actual time=0.003..0.003 rows=1 loops=6)\n\n1 row in set (0.00 sec)\n```", "```\nmysql> `SHOW` `ENGINES``;`\n```", "```\n+--------------------+---------+...\n| Engine             | Support |...\n+--------------------+---------+...\n| ARCHIVE            | YES     |...\n| BLACKHOLE          | YES     |...\n| MRG_MYISAM         | YES     |...\n| FEDERATED          | NO      |...\n| MyISAM             | YES     |...\n| PERFORMANCE_SCHEMA | YES     |...\n| InnoDB             | DEFAULT |...\n| MEMORY             | YES     |...\n| CSV                | YES     |...\n+--------------------+---------+...\n...+----------------------------------------------------------------+...\n...| Comment                                                        |...\n...+----------------------------------------------------------------+...\n...| Archive storage engine                                         |...\n...| /dev/null storage engine (anything you write to it disappears) |...\n...| Collection of identical MyISAM tables                          |...\n...| Federated MySQL storage engine                                 |...\n...| MyISAM storage engine                                          |...\n...| Performance Schema                                             |...\n...| Supports transactions, row-level locking, and foreign keys     |...\n...| Hash based, stored in memory, useful for temporary tables      |...\n...| CSV storage engine                                             |...\n...+----------------------------------------------------------------+...\n...+--------------+------+------------+\n...| Transactions | XA   | Savepoints |\n...+--------------+------+------------+\n...| NO           | NO   | NO         |\n...| NO           | NO   | NO         |\n...| NO           | NO   | NO         |\n...| NULL         | NULL | NULL       |\n...| NO           | NO   | NO         |\n...| NO           | NO   | NO         |\n...| YES          | YES  | YES        |\n...| NO           | NO   | NO         |\n...| NO           | NO   | NO         |\n...+--------------+------+------------+\n9 rows in set (0.00 sec)\n```"]