["```\nmysql> `SELECT` `first_name` `AS` `'First Name'``,` `last_name` `AS` `'Last Name'`\n    -> `FROM` `actor` `LIMIT` `5``;`\n```", "```\n+------------+--------------+\n| First Name | Last Name    |\n+------------+--------------+\n| PENELOPE   | GUINESS      |\n| NICK       | WAHLBERG     |\n| ED         | CHASE        |\n| JENNIFER   | DAVIS        |\n| JOHNNY     | LOLLOBRIGIDA |\n+------------+--------------+\n5 rows in set (0.00 sec)\n```", "```\nmysql> `SELECT` `CONCAT``(``first_name``,` `' '``,` `last_name``,` `' played in '``,` `title``)` `AS` `movie`\n    -> `FROM` `actor` `JOIN` `film_actor` `USING` `(``actor_id``)`\n    -> `JOIN` `film` `USING` `(``film_id``)`\n    -> `ORDER` `BY` `movie` `LIMIT` `20``;`\n```", "```\n+--------------------------------------------+\n| movie                                      |\n+--------------------------------------------+\n| ADAM GRANT played in ANNIE IDENTITY        |\n| ADAM GRANT played in BALLROOM MOCKINGBIRD  |\n| ...                                        |\n| ADAM GRANT played in TWISTED PIRATES       |\n| ADAM GRANT played in WANDA CHAMBER         |\n| ADAM HOPPER played in BLINDNESS GUN        |\n| ADAM HOPPER played in BLOOD ARGONAUTS      |\n+--------------------------------------------+\n20 rows in set (0.03 sec)\n```", "```\nmysql> `SELECT` `CONCAT``(``first_name``,` `' '``,` `last_name``,` `' played in '``,` `title``)` `AS` `movie`\n    -> `FROM` `actor` `JOIN` `film_actor` `USING` `(``actor_id``)`\n    -> `JOIN` `film` `USING` `(``film_id``)`\n    -> `ORDER` `BY` `CONCAT``(``first_name``,` `' '``,` `last_name``,` `' played in '``,` `title``)`\n    -> `LIMIT` `20``;`\n```", "```\n+--------------------------------------------+\n| movie                                      |\n+--------------------------------------------+\n| ADAM GRANT played in ANNIE IDENTITY        |\n| ADAM GRANT played in BALLROOM MOCKINGBIRD  |\n| ...                                        |\n| ADAM GRANT played in TWISTED PIRATES       |\n| ADAM GRANT played in WANDA CHAMBER         |\n| ADAM HOPPER played in BLINDNESS GUN        |\n| ADAM HOPPER played in BLOOD ARGONAUTS      |\n+--------------------------------------------+\n20 rows in set (0.03 sec)\n```", "```\nmysql> `SELECT` `first_name` `AS` `name` `FROM` `actor` `WHERE` `name` `=` `'ZERO CAGE'``;`\n```", "```\nERROR 1054 (42S22): Unknown column 'name' in 'where clause'\n```", "```\nmysql> `SELECT` `actor_id` `AS` `id` `FROM` `actor` `WHERE` `first_name` `=` `'ZERO'``;`\n```", "```\n+----+\n| id |\n+----+\n| 11 |\n+----+\n1 row in set (0.00 sec)\n```", "```\nmysql> `SELECT` `actor_id` `id` `FROM` `actor` `WHERE` `first_name` `=` `'ZERO'``;`\n```", "```\n+----+\n| id |\n+----+\n| 11 |\n+----+\n1 row in set (0.00 sec)\n```", "```\nmysql> `SELECT` `ac``.``actor_id``,` `ac``.``first_name``,` `ac``.``last_name``,` `fl``.``title` `FROM`\n    -> `actor` `AS` `ac` `INNER` `JOIN` `film_actor` `AS` `fla` `USING` `(``actor_id``)`\n    -> `INNER` `JOIN` `film` `AS` `fl` `USING` `(``film_id``)`\n    -> `WHERE` `fl``.``title` `=` `'AFFAIR PREJUDICE'``;`\n```", "```\n+----------+------------+-----------+------------------+\n| actor_id | first_name | last_name | title            |\n+----------+------------+-----------+------------------+\n|       41 | JODIE      | DEGENERES | AFFAIR PREJUDICE |\n|       81 | SCARLETT   | DAMON     | AFFAIR PREJUDICE |\n|       88 | KENNETH    | PESCI     | AFFAIR PREJUDICE |\n|      147 | FAY        | WINSLET   | AFFAIR PREJUDICE |\n|      162 | OPRAH      | KILMER    | AFFAIR PREJUDICE |\n+----------+------------+-----------+------------------+\n5 rows in set (0.00 sec)\n```", "```\nmysql> `SELECT` `ac``.``actor_id``,` `ac``.``first_name``,` `ac``.``last_name``,` `fl``.``title` `FROM`\n    -> `actor` `AS` `ac` `INNER` `JOIN` `film_actor` `AS` `fla` `USING` `(``actor_id``)`\n    -> `INNER` `JOIN` `film` `AS` `fl` `USING` `(``film_id``)`\n    -> `WHERE` `film``.``title` `=` `'AFFAIR PREJUDICE'``;`\n```", "```\nERROR 1054 (42S22): Unknown column 'film.title' in 'where clause'\n```", "```\nactor AS ac INNER JOIN film_actor AS fla\n```", "```\nactor ac INNER JOIN film_actor fla\n```", "```\nmysql> `SELECT` `*` `FROM` `film` `WHERE` `title` `=` `title``;`\n```", "```\n+---------+------------------...\n| film_id | title            ...\n+---------+------------------...\n|       1 | ACADEMY DINOSAUR ...\n|       2 | ACE GOLDFINGER   ...\n|       3 | ADAPTATION HOLES ...\n|     ...                    ...\n|    1000 | ZORRO ARK        ...\n+---------+------------------...\n1000 rows in set (0.01 sec)\n```", "```\nmysql> `SELECT` `m1``.``film_id``,` `m2``.``title`\n    -> `FROM` `film` `AS` `m1``,` `film` `AS` `m2`\n    -> `WHERE` `m1``.``title` `=` `m2``.``title``;`\n```", "```\n+---------+-------------------+\n| film_id | title             |\n+---------+-------------------+\n|       1 | ACADEMY DINOSAUR  |\n|       2 | ACE GOLDFINGER    |\n|       3 | ADAPTATION HOLES  |\n|     ...                     |\n|    1000 | ZORRO ARK         |\n+---------+-------------------+\n1000 rows in set (0.02 sec)\n```", "```\nmysql> `SELECT` `m1``.``film_id``,` `m2``.``title`\n    -> `FROM` `film` `AS` `m1``,` `film` `AS` `m2`\n    -> `WHERE` `m1``.``title` `=` `m2``.``title`\n    -> `AND` `m1``.``film_id` `<``>` `m2``.``film_id``;`\n```", "```\nEmpty set (0.00 sec)\n```", "```\nmysql> `SELECT` `DISTINCT` `first_name`\n    -> `FROM` `actor` `JOIN` `film_actor` `USING` `(``actor_id``)``;`\n```", "```\n+-------------+\n| first_name  |\n+-------------+\n| PENELOPE    |\n| NICK        |\n| ...         |\n| GREGORY     |\n| JOHN        |\n| BELA        |\n| THORA       |\n+-------------+\n128 rows in set (0.00 sec)\n```", "```\nmysql> `SELECT` `first_name`\n    -> `FROM` `actor` `JOIN` `film_actor` `USING` `(``actor_id``)`\n    -> `LIMIT` `5``;`\n```", "```\n+------------+\n| first_name |\n+------------+\n| PENELOPE   |\n| PENELOPE   |\n| PENELOPE   |\n| PENELOPE   |\n| PENELOPE   |\n+------------+\n5 rows in set (0.00 sec)\n```", "```\nmysql> `SELECT` `DISTINCT` `first_name``,` `last_name`\n    -> `FROM` `actor` `JOIN` `film_actor` `USING` `(``actor_id``)``;`\n```", "```\n+-------------+--------------+\n| first_name  | last_name    |\n+-------------+--------------+\n| PENELOPE    | GUINESS      |\n| NICK        | WAHLBERG     |\n| ...                        |\n| JULIA       | FAWCETT      |\n| THORA       | TEMPLE       |\n+-------------+--------------+\n199 rows in set (0.00 sec)\n```", "```\nmysql> `SELECT` `first_name` `FROM` `actor`\n    -> `WHERE` `first_name` `IN` `(``'GENE'``,` `'MERYL'``)``;`\n```", "```\n+------------+\n| first_name |\n+------------+\n| GENE       |\n| GENE       |\n| MERYL      |\n| GENE       |\n| MERYL      |\n+------------+\n5 rows in set (0.00 sec)\n```", "```\nmysql> `SELECT` `first_name` `FROM` `actor`\n    -> `WHERE` `first_name` `IN` `(``'GENE'``,` `'MERYL'``)`\n    -> `GROUP` `BY` `first_name``;`\n```", "```\n+------------+\n| first_name |\n+------------+\n| GENE       |\n| MERYL      |\n+------------+\n2 rows in set (0.00 sec)\n```", "```\nmysql> `SELECT` `first_name``,` `last_name``,` `film_id`\n    -> `FROM` `actor` `INNER` `JOIN` `film_actor` `USING` `(``actor_id``)`\n    -> `ORDER` `BY` `first_name``,` `last_name` `LIMIT` `20``;`\n```", "```\n+------------+-----------+---------+\n| first_name | last_name | film_id |\n+------------+-----------+---------+\n| ADAM       | GRANT     |      26 |\n| ADAM       | GRANT     |      52 |\n| ADAM       | GRANT     |     233 |\n| ADAM       | GRANT     |     317 |\n| ADAM       | GRANT     |     359 |\n| ADAM       | GRANT     |     362 |\n| ADAM       | GRANT     |     385 |\n| ADAM       | GRANT     |     399 |\n| ADAM       | GRANT     |     450 |\n| ADAM       | GRANT     |     532 |\n| ADAM       | GRANT     |     560 |\n| ADAM       | GRANT     |     574 |\n| ADAM       | GRANT     |     638 |\n| ADAM       | GRANT     |     773 |\n| ADAM       | GRANT     |     833 |\n| ADAM       | GRANT     |     874 |\n| ADAM       | GRANT     |     918 |\n| ADAM       | GRANT     |     956 |\n| ADAM       | HOPPER    |      81 |\n| ADAM       | HOPPER    |      82 |\n+------------+-----------+---------+\n20 rows in set (0.01 sec)\n```", "```\nmysql> `SELECT` `first_name``,` `last_name``,` `COUNT``(``film_id``)` `AS` `num_films` `FROM`\n    -> `actor` `INNER` `JOIN` `film_actor` `USING` `(``actor_id``)`\n    -> `GROUP` `BY` `first_name``,` `last_name`\n    -> `ORDER` `BY` `num_films` `DESC` `LIMIT` `5``;`\n```", "```\n+------------+-------------+-----------+\n| first_name | last_name   | num_films |\n+------------+-------------+-----------+\n| SUSAN      | DAVIS       |        54 |\n| GINA       | DEGENERES   |        42 |\n| WALTER     | TORN        |        41 |\n| MARY       | KEITEL      |        40 |\n| MATTHEW    | CARREY      |        39 |\n| SANDRA     | KILMER      |        37 |\n| SCARLETT   | DAMON       |        36 |\n| VAL        | BOLGER      |        35 |\n| ANGELA     | WITHERSPOON |        35 |\n| UMA        | WOOD        |        35 |\n+------------+-------------+-----------+\n10 rows in set (0.01 sec)\n```", "```\nmysql> `SELECT` `title``,` `name` `AS` `category_name``,` `COUNT``(``*``)` `AS` `cnt`\n    -> `FROM` `film` `INNER` `JOIN` `film_actor` `USING` `(``film_id``)`\n    -> `INNER` `JOIN` `film_category` `USING` `(``film_id``)`\n    -> `INNER` `JOIN` `category` `USING` `(``category_id``)`\n    -> `GROUP` `BY` `film_id``,` `category_id`\n    -> `ORDER` `BY` `cnt` `DESC` `LIMIT` `5``;`\n```", "```\n+------------------+---------------+-----+\n| title            | category_name | cnt |\n+------------------+---------------+-----+\n| LAMBS CINCINATTI | Games         |  15 |\n| CRAZY HOME       | Comedy        |  13 |\n| CHITTY LOCK      | Drama         |  13 |\n| RANDOM GO        | Sci-Fi        |  13 |\n| DRACULA CRYSTAL  | Classics      |  13 |\n+------------------+---------------+-----+\n5 rows in set (0.03 sec)\n```", "```\nmysql> `SELECT` `email``,` `name` `AS` `category_name``,` `COUNT``(``category_id``)` `AS` `cnt`\n    -> `FROM` `customer` `cs` `INNER` `JOIN` `rental` `USING` `(``customer_id``)`\n    -> `INNER` `JOIN` `inventory` `USING` `(``inventory_id``)`\n    -> `INNER` `JOIN` `film_category` `USING` `(``film_id``)`\n    -> `INNER` `JOIN` `category` `cat` `USING` `(``category_id``)`\n    -> `GROUP` `BY` `1``,` `2`\n    -> `ORDER` `BY` `3` `DESC` `LIMIT` `5``;`\n```", "```\n+----------------------------------+---------------+-----+\n| email                            | category_name | cnt |\n+----------------------------------+---------------+-----+\n| WESLEY.BULL@sakilacustomer.org   | Games         |   9 |\n| ALMA.AUSTIN@sakilacustomer.org   | Animation     |   8 |\n| KARL.SEAL@sakilacustomer.org     | Animation     |   8 |\n| LYDIA.BURKE@sakilacustomer.org   | Documentary   |   8 |\n| NATHAN.RUNYON@sakilacustomer.org | Animation     |   7 |\n+----------------------------------+---------------+-----+\n5 rows in set (0.08 sec)\n```", "```\nmysql> `SELECT` `COUNT``(``*``)` `FROM` `actor` `GROUP` `BY` `first_name``,` `last_name``;`\n```", "```\n+----------+\n| COUNT(*) |\n+----------+\n|        1 |\n|        1 |\n|      ... |\n|        1 |\n|        1 |\n+----------+\n199 rows in set (0.00 sec)\n```", "```\nmysql> `SELECT` `a1``.``actor_id``,` `a1``.``first_name``,` `a1``.``last_name`\n    -> `FROM` `actor` `AS` `a1``,` `actor` `AS` `a2`\n    -> `WHERE` `a1``.``first_name` `=` `a2``.``first_name`\n    -> `AND` `a1``.``last_name` `=` `a2``.``last_name`\n    -> `AND` `a1``.``actor_id` `<``>` `a2``.``actor_id``;`\n```", "```\n+----------+------------+-----------+\n| actor_id | first_name | last_name |\n+----------+------------+-----------+\n|      101 | SUSAN      | DAVIS     |\n|      110 | SUSAN      | DAVIS     |\n+----------+------------+-----------+\n2 rows in set (0.00 sec)\n```", "```\nmysql> `SELECT` `COUNT``(``*``)` `FROM` `customer``;`\n```", "```\n+----------+\n| count(*) |\n+----------+\n|      599 |\n+----------+\n1 row in set (0.00 sec)\n```", "```\nmysql> `SELECT` `COUNT``(``email``)` `FROM` `customer``;`\n```", "```\n+--------------+\n| count(email) |\n+--------------+\n|          598 |\n+--------------+\n1 row in set (0.00 sec)\n```", "```\nSELECT AVG(cost) FROM house_prices GROUP BY city;\n```", "```\nmysql> `SELECT` `first_name``,` `last_name``,` `COUNT``(``film_id``)`\n    -> `FROM` `actor` `INNER` `JOIN` `film_actor` `USING` `(``actor_id``)`\n    -> `GROUP` `BY` `actor_id``,` `first_name``,` `last_name`\n    -> `HAVING` `COUNT``(``film_id``)` `>` `40`\n    -> `ORDER` `BY` `COUNT``(``film_id``)` `DESC``;`\n```", "```\n+------------+-----------+----------------+\n| first_name | last_name | COUNT(film_id) |\n+------------+-----------+----------------+\n| GINA       | DEGENERES |             42 |\n| WALTER     | TORN      |             41 |\n+------------+-----------+----------------+\n2 rows in set (0.01 sec)\n```", "```\nmysql> `SELECT` `title``,` `COUNT``(``rental_id``)` `AS` `num_rented` `FROM`\n    -> `film` `INNER` `JOIN` `inventory` `USING` `(``film_id``)`\n    -> `INNER` `JOIN` `rental` `USING` `(``inventory_id``)`\n    -> `GROUP` `BY` `title`\n    -> `HAVING` `num_rented` `>` `30`\n    -> `ORDER` `BY` `num_rented` `DESC` `LIMIT` `5``;`\n```", "```\n+--------------------+------------+\n| title              | num_rented |\n+--------------------+------------+\n| BUCKET BROTHERHOOD |         34 |\n| ROCKETEER MOTHER   |         33 |\n| FORWARD TEMPLE     |         32 |\n| GRIT CLOCKWORK     |         32 |\n| JUGGLER HARDLY     |         32 |\n+--------------------+------------+\n5 rows in set (0.04 sec)\n```", "```\nmysql> `SELECT` `first_name``,` `last_name``,` `COUNT``(``film_id``)` `AS` `film_cnt` `FROM`\n    -> `actor` `INNER` `JOIN` `film_actor` `USING` `(``actor_id``)`\n    -> `GROUP` `BY` `actor_id``,` `first_name``,` `last_name`\n    -> `HAVING` `first_name` `=` `'EMILY'` `AND` `last_name` `=` `'DEE'``;`\n```", "```\n+------------+-----------+----------+\n| first_name | last_name | film_cnt |\n+------------+-----------+----------+\n| EMILY      | DEE       |       14 |\n+------------+-----------+----------+\n1 row in set (0.02 sec)\n```", "```\nmysql> `SELECT` `first_name``,` `last_name``,` `COUNT``(``film_id``)` `AS` `film_cnt` `FROM`\n    -> `actor` `INNER` `JOIN` `film_actor` `USING` `(``actor_id``)`\n    -> `WHERE` `first_name` `=` `'EMILY'` `AND` `last_name` `=` `'DEE'`\n    -> `GROUP` `BY` `actor_id``,` `first_name``,` `last_name``;`\n```", "```\n+------------+-----------+----------+\n| first_name | last_name | film_cnt |\n+------------+-----------+----------+\n| EMILY      | DEE       |       14 |\n+------------+-----------+----------+\n1 row in set (0.00 sec)\n```", "```\nmysql> `SELECT` `first_name``,` `last_name``,` `film_id` `FROM`\n    -> `actor` `INNER` `JOIN` `film_actor` `USING` `(``actor_id``)`\n    -> `LIMIT` `20``;`\n```", "```\n+------------+-----------+---------+\n| first_name | last_name | film_id |\n+------------+-----------+---------+\n| PENELOPE   | GUINESS   |       1 |\n| PENELOPE   | GUINESS   |      23 |\n| ...                              |\n| PENELOPE   | GUINESS   |     980 |\n| NICK       | WAHLBERG  |       3 |\n+------------+-----------+---------+\n20 rows in set (0.00 sec)\n```", "```\nmysql> `SELECT` `first_name``,` `last_name``,` `film_id`\n    -> `FROM` `actor``,` `film_actor`\n    -> `WHERE` `actor``.``actor_id` `=` `film_actor``.``actor_id`\n    -> `LIMIT` `20``;`\n```", "```\n+------------+-----------+---------+\n| first_name | last_name | film_id |\n+------------+-----------+---------+\n| PENELOPE   | GUINESS   |       1 |\n| PENELOPE   | GUINESS   |      23 |\n| ...                              |\n| PENELOPE   | GUINESS   |     980 |\n| NICK       | WAHLBERG  |       3 |\n+------------+-----------+---------+\n20 rows in set (0.00 sec)\n```", "```\nmysql> `SELECT` `first_name``,` `last_name``,` `film_id` `FROM`\n    -> `actor` `INNER` `JOIN` `film_actor`\n    -> `ON` `actor``.``actor_id` `=` `film_actor``.``actor_id`\n    -> `LIMIT` `20``;`\n```", "```\n+------------+-----------+---------+\n| first_name | last_name | film_id |\n+------------+-----------+---------+\n| PENELOPE   | GUINESS   |       1 |\n| PENELOPE   | GUINESS   |      23 |\n| ...                              |\n| PENELOPE   | GUINESS   |     980 |\n| NICK       | WAHLBERG  |       3 |\n+------------+-----------+---------+\n20 rows in set (0.00 sec)\n```", "```\nmysql> `SELECT` `first_name``,` `last_name``,` `film_id`\n    -> `FROM` `actor``,` `film_actor` `LIMIT` `20``;`\n```", "```\n+------------+-------------+---------+\n| first_name | last_name   | film_id |\n+------------+-------------+---------+\n| THORA      | TEMPLE      |       1 |\n| JULIA      | FAWCETT     |       1 |\n| ...                                |\n| DEBBIE     | AKROYD      |       1 |\n| MATTHEW    | CARREY      |       1 |\n+------------+-------------+---------+\n20 rows in set (0.00 sec)\n```", "```\nmysql> `SELECT` `COUNT``(``*``)` `FROM` `actor``,` `film_actor``;`\n```", "```\n+----------+\n| COUNT(*) |\n+----------+\n|  1092400 |\n+----------+\n1 row in set (0.00 sec)\n```", "```\nSELECT first_name, last_name, film_id\nFROM actor INNER JOIN film_actor;\n```", "```\nmysql> `SELECT` `first_name` `FROM` `actor`\n    -> `UNION`\n    -> `SELECT` `first_name` `FROM` `customer`\n    -> `UNION`\n    -> `SELECT` `title` `FROM` `film``;`\n```", "```\n+-----------------------------+\n| first_name                  |\n+-----------------------------+\n| PENELOPE                    |\n| NICK                        |\n| ED                          |\n| ...                         |\n| ZHIVAGO CORE                |\n| ZOOLANDER FICTION           |\n| ZORRO ARK                   |\n+-----------------------------+\n1647 rows in set (0.00 sec)\n```", "```\nmysql> `(``SELECT` `title``,` `COUNT``(``rental_id``)` `AS` `num_rented`\n    -> `FROM` `film` `JOIN` `inventory` `USING` `(``film_id``)`\n    -> `JOIN` `rental` `USING` `(``inventory_id``)`\n    -> `GROUP` `BY` `title` `ORDER` `BY` `num_rented` `DESC` `LIMIT` `5``)`\n    -> `UNION`\n    -> `(``SELECT` `title``,` `COUNT``(``rental_id``)` `AS` `num_rented`\n    -> `FROM` `film` `JOIN` `inventory` `USING` `(``film_id``)`\n    -> `JOIN` `rental` `USING` `(``inventory_id``)`\n    -> `GROUP` `BY` `title` `ORDER` `BY` `num_rented` `ASC` `LIMIT` `5``)``;`\n```", "```\n+--------------------+------------+\n| title              | num_rented |\n+--------------------+------------+\n| BUCKET BROTHERHOOD |         34 |\n| ROCKETEER MOTHER   |         33 |\n| FORWARD TEMPLE     |         32 |\n| GRIT CLOCKWORK     |         32 |\n| JUGGLER HARDLY     |         32 |\n| TRAIN BUNCH        |          4 |\n| HARDLY ROBBERS     |          4 |\n| MIXED DOORS        |          4 |\n| BUNCH MINDS        |          5 |\n| BRAVEHEART HUMAN   |          5 |\n+--------------------+------------+\n10 rows in set (0.04 sec)\n```", "```\n    mysql> `SELECT` `first_name` `FROM` `actor` `WHERE` `actor_id` `=` `88`\n        -> `UNION`\n        -> `SELECT` `first_name` `FROM` `actor` `WHERE` `actor_id` `=` `169``;`\n    ```", "```\n    +------------+\n    | first_name |\n    +------------+\n    | KENNETH    |\n    +------------+\n    1 row in set (0.01 sec)\n    ```", "```\n    mysql> `SELECT` `first_name` `FROM` `actor` `WHERE` `actor_id` `=` `88`\n        -> `UNION` `ALL`\n        -> `SELECT` `first_name` `FROM` `actor` `WHERE` `actor_id` `=` `169``;`\n    ```", "```\n    +------------+\n    | first_name |\n    +------------+\n    | KENNETH    |\n    | KENNETH    |\n    +------------+\n    2 rows in set (0.00 sec)\n    ```", "```\n    mysql> `(``SELECT` `title``,` `rental_date``,` `return_date`\n        -> `FROM` `film` `JOIN` `inventory` `USING` `(``film_id``)`\n        -> `JOIN` `rental` `USING` `(``inventory_id``)`\n        -> `WHERE` `film_id` `=` `998``)``;`\n    ```", "```\n    +--------------+---------------------+---------------------+\n    | title        | rental_date         | return_date         |\n    +--------------+---------------------+---------------------+\n    | ZHIVAGO CORE | 2005-06-17 03:19:20 | 2005-06-21 00:19:20 |\n    | ZHIVAGO CORE | 2005-07-07 12:18:57 | 2005-07-12 09:47:57 |\n    | ZHIVAGO CORE | 2005-07-27 14:53:55 | 2005-07-31 19:48:55 |\n    | ZHIVAGO CORE | 2005-08-20 17:18:48 | 2005-08-26 15:31:48 |\n    | ZHIVAGO CORE | 2005-05-30 05:15:20 | 2005-06-07 00:49:20 |\n    | ZHIVAGO CORE | 2005-06-18 06:46:54 | 2005-06-26 09:48:54 |\n    | ZHIVAGO CORE | 2005-07-12 05:24:02 | 2005-07-16 03:43:02 |\n    | ZHIVAGO CORE | 2005-08-02 02:05:04 | 2005-08-10 21:58:04 |\n    | ZHIVAGO CORE | 2006-02-14 15:16:03 | NULL                |\n    +--------------+---------------------+---------------------+\n    9 rows in set (0.00 sec)\n    ```", "```\n    mysql> `(``SELECT` `title``,` `rental_date``,` `return_date`\n        -> `FROM` `film` `JOIN` `inventory` `USING` `(``film_id``)`\n        -> `JOIN` `rental` `USING` `(``inventory_id``)`\n        -> `WHERE` `film_id` `=` `998`\n        -> `ORDER` `BY` `rental_date` `ASC``)``;`\n    ```", "```\n    +--------------+---------------------+---------------------+\n    | title        | rental_date         | return_date         |\n    +--------------+---------------------+---------------------+\n    | ZHIVAGO CORE | 2005-05-30 05:15:20 | 2005-06-07 00:49:20 |\n    | ZHIVAGO CORE | 2005-06-17 03:19:20 | 2005-06-21 00:19:20 |\n    | ZHIVAGO CORE | 2005-06-18 06:46:54 | 2005-06-26 09:48:54 |\n    | ZHIVAGO CORE | 2005-07-07 12:18:57 | 2005-07-12 09:47:57 |\n    | ZHIVAGO CORE | 2005-07-12 05:24:02 | 2005-07-16 03:43:02 |\n    | ZHIVAGO CORE | 2005-07-27 14:53:55 | 2005-07-31 19:48:55 |\n    | ZHIVAGO CORE | 2005-08-02 02:05:04 | 2005-08-10 21:58:04 |\n    | ZHIVAGO CORE | 2005-08-20 17:18:48 | 2005-08-26 15:31:48 |\n    | ZHIVAGO CORE | 2006-02-14 15:16:03 | NULL                |\n    +--------------+---------------------+---------------------+\n    9 rows in set (0.00 sec)\n    ```", "```\n    mysql> `(``SELECT` `title``,` `rental_date``,` `return_date`\n        -> `FROM` `film` `JOIN` `inventory` `USING` `(``film_id``)`\n        -> `JOIN` `rental` `USING` `(``inventory_id``)`\n        -> `WHERE` `film_id` `=` `998`\n        -> `ORDER` `BY` `rental_date` `ASC` `LIMIT` `5``)``;`\n    ```", "```\n    +--------------+---------------------+---------------------+\n    | title        | rental_date         | return_date         |\n    +--------------+---------------------+---------------------+\n    | ZHIVAGO CORE | 2005-05-30 05:15:20 | 2005-06-07 00:49:20 |\n    | ZHIVAGO CORE | 2005-06-17 03:19:20 | 2005-06-21 00:19:20 |\n    | ZHIVAGO CORE | 2005-06-18 06:46:54 | 2005-06-26 09:48:54 |\n    | ZHIVAGO CORE | 2005-07-07 12:18:57 | 2005-07-12 09:47:57 |\n    | ZHIVAGO CORE | 2005-07-12 05:24:02 | 2005-07-16 03:43:02 |\n    +--------------+---------------------+---------------------+\n    5 rows in set (0.01 sec)\n    ```", "```\n    mysql> `(``SELECT` `title``,` `rental_date``,` `return_date`\n        -> `FROM` `film` `JOIN` `inventory` `USING` `(``film_id``)`\n        -> `JOIN` `rental` `USING` `(``inventory_id``)`\n        -> `WHERE` `film_id` `=` `998`\n        -> `ORDER` `BY` `rental_date` `ASC``)`\n        -> `UNION` `ALL`\n        -> `(``SELECT` `title``,` `rental_date``,` `return_date`\n        -> `FROM` `film` `JOIN` `inventory` `USING` `(``film_id``)`\n        -> `JOIN` `rental` `USING` `(``inventory_id``)`\n        -> `WHERE` `film_id` `=` `998`\n        -> `ORDER` `BY` `rental_date` `ASC` `LIMIT` `5``)``;`\n    ```", "```\n    +--------------+---------------------+---------------------+\n    | title        | rental_date         | return_date         |\n    +--------------+---------------------+---------------------+\n    | ZHIVAGO CORE | 2005-06-17 03:19:20 | 2005-06-21 00:19:20 |\n    | ZHIVAGO CORE | 2005-07-07 12:18:57 | 2005-07-12 09:47:57 |\n    | ZHIVAGO CORE | 2005-07-27 14:53:55 | 2005-07-31 19:48:55 |\n    | ZHIVAGO CORE | 2005-08-20 17:18:48 | 2005-08-26 15:31:48 |\n    | ZHIVAGO CORE | 2005-05-30 05:15:20 | 2005-06-07 00:49:20 |\n    | ZHIVAGO CORE | 2005-06-18 06:46:54 | 2005-06-26 09:48:54 |\n    | ZHIVAGO CORE | 2005-07-12 05:24:02 | 2005-07-16 03:43:02 |\n    | ZHIVAGO CORE | 2005-08-02 02:05:04 | 2005-08-10 21:58:04 |\n    | ZHIVAGO CORE | 2006-02-14 15:16:03 | NULL                |\n    | ZHIVAGO CORE | 2005-05-30 05:15:20 | 2005-06-07 00:49:20 |\n    | ZHIVAGO CORE | 2005-06-17 03:19:20 | 2005-06-21 00:19:20 |\n    | ZHIVAGO CORE | 2005-06-18 06:46:54 | 2005-06-26 09:48:54 |\n    | ZHIVAGO CORE | 2005-07-07 12:18:57 | 2005-07-12 09:47:57 |\n    | ZHIVAGO CORE | 2005-07-12 05:24:02 | 2005-07-16 03:43:02 |\n    +--------------+---------------------+---------------------+\n    14 rows in set (0.01 sec)\n    ```", "```\n    mysql> `(``SELECT` `title``,` `rental_date``,` `return_date`\n        -> `FROM` `film` `JOIN` `inventory` `USING` `(``film_id``)`\n        -> `JOIN` `rental` `USING` `(``inventory_id``)`\n        -> `WHERE` `film_id` `=` `998`\n        -> `ORDER` `BY` `rental_date` `ASC``)`\n        -> `UNION` `ALL`\n        -> `(``SELECT` `title``,` `rental_date``,` `return_date`\n        -> `FROM` `film` `JOIN` `inventory` `USING` `(``film_id``)`\n        -> `JOIN` `rental` `USING` `(``inventory_id``)`\n        -> `WHERE` `film_id` `=` `998`\n        -> `ORDER` `BY` `rental_date` `ASC` `LIMIT` `5``)`\n        -> `ORDER` `BY` `rental_date` `DESC``;`\n    ```", "```\n    +--------------+---------------------+---------------------+\n    | title        | rental_date         | return_date         |\n    +--------------+---------------------+---------------------+\n    | ZHIVAGO CORE | 2006-02-14 15:16:03 | NULL                |\n    | ZHIVAGO CORE | 2005-08-20 17:18:48 | 2005-08-26 15:31:48 |\n    | ZHIVAGO CORE | 2005-08-02 02:05:04 | 2005-08-10 21:58:04 |\n    | ZHIVAGO CORE | 2005-07-27 14:53:55 | 2005-07-31 19:48:55 |\n    | ZHIVAGO CORE | 2005-07-12 05:24:02 | 2005-07-16 03:43:02 |\n    | ZHIVAGO CORE | 2005-07-12 05:24:02 | 2005-07-16 03:43:02 |\n    | ZHIVAGO CORE | 2005-07-07 12:18:57 | 2005-07-12 09:47:57 |\n    | ZHIVAGO CORE | 2005-07-07 12:18:57 | 2005-07-12 09:47:57 |\n    | ZHIVAGO CORE | 2005-06-18 06:46:54 | 2005-06-26 09:48:54 |\n    | ZHIVAGO CORE | 2005-06-18 06:46:54 | 2005-06-26 09:48:54 |\n    | ZHIVAGO CORE | 2005-06-17 03:19:20 | 2005-06-21 00:19:20 |\n    | ZHIVAGO CORE | 2005-06-17 03:19:20 | 2005-06-21 00:19:20 |\n    | ZHIVAGO CORE | 2005-05-30 05:15:20 | 2005-06-07 00:49:20 |\n    | ZHIVAGO CORE | 2005-05-30 05:15:20 | 2005-06-07 00:49:20 |\n    +--------------+---------------------+---------------------+\n    14 rows in set (0.00 sec)\n    ```", "```\n    mysql> `(``SELECT` `first_name``,` `last_name` `FROM` `actor` `WHERE` `actor_id` `<` `5``)`\n        -> `UNION`\n        -> `(``SELECT` `first_name``,` `last_name` `FROM` `actor` `WHERE` `actor_id` `>` `190``)`\n        -> `ORDER` `BY` `first_name` `LIMIT` `4``;`\n    ```", "```\n    +------------+-----------+\n    | first_name | last_name |\n    +------------+-----------+\n    | BELA       | WALKEN    |\n    | BURT       | TEMPLE    |\n    | ED         | CHASE     |\n    | GREGORY    | GOODING   |\n    +------------+-----------+\n    4 rows in set (0.00 sec)\n    ```", "```\n    mysql> `SELECT` `first_name``,` `last_name` `FROM` `actor`\n        -> `WHERE` `actor_id` `<` `5` `OR` `actor_id` `>` `190`\n        -> `ORDER` `BY` `first_name` `LIMIT` `4``;`\n    ```", "```\n    +------------+-----------+\n    | first_name | last_name |\n    +------------+-----------+\n    | BELA       | WALKEN    |\n    | BURT       | TEMPLE    |\n    | ED         | CHASE     |\n    | GREGORY    | GOODING   |\n    +------------+-----------+\n    4 rows in set (0.00 sec)\n    ```", "```\nmysql> `SELECT` `title``,` `rental_date`\n    -> `FROM` `film` `LEFT` `JOIN` `inventory` `USING` `(``film_id``)`\n    -> `LEFT` `JOIN` `rental` `USING` `(``inventory_id``)``;`\n```", "```\n+-----------------------------+---------------------+\n| title                       | rental_date         |\n+-----------------------------+---------------------+\n| ACADEMY DINOSAUR            | 2005-07-08 19:03:15 |\n| ACADEMY DINOSAUR            | 2005-08-02 20:13:10 |\n| ACADEMY DINOSAUR            | 2005-08-21 21:27:43 |\n| ...                                               |\n| WAKE JAWS                   | NULL                |\n| WALLS ARTIST                | NULL                |\n| ...                                               |\n| ZORRO ARK                   | 2005-07-31 07:32:21 |\n| ZORRO ARK                   | 2005-08-19 03:49:28 |\n+-----------------------------+---------------------+\n16087 rows in set (0.06 sec)\n```", "```\nmysql> `SELECT` `title``,` `rental_date`\n    -> `FROM` `rental` `LEFT` `JOIN` `inventory` `USING` `(``inventory_id``)`\n    -> `LEFT` `JOIN` `film` `USING` `(``film_id``)`\n    -> `ORDER` `BY` `rental_date` `DESC``;`\n```", "```\n+-----------------------------+---------------------+\n| title                       | rental_date         |\n+-----------------------------+---------------------+\n| ...                                               |\n| LOVE SUICIDES               | 2005-05-24 23:04:41 |\n| GRADUATE LORD               | 2005-05-24 23:03:39 |\n| FREAKY POCUS                | 2005-05-24 22:54:33 |\n| BLANKET BEVERLY             | 2005-05-24 22:53:30 |\n+-----------------------------+---------------------+\n16044 rows in set (0.06 sec)\n```", "```\nmysql> `SELECT` `email``,` `name` `AS` `category_name``,` `COUNT``(``cat``.``category_id``)` `AS` `cnt`\n    -> `FROM` `customer` `cs` `INNER` `JOIN` `rental` `USING` `(``customer_id``)`\n    -> `INNER` `JOIN` `inventory` `USING` `(``inventory_id``)`\n    -> `INNER` `JOIN` `film_category` `USING` `(``film_id``)`\n    -> `INNER` `JOIN` `category` `cat` `USING` `(``category_id``)`\n    -> `GROUP` `BY` `email``,` `category_name`\n    -> `ORDER` `BY` `cnt` `DESC` `LIMIT` `5``;`\n```", "```\n+----------------------------------+---------------+-----+\n| email                            | category_name | cnt |\n+----------------------------------+---------------+-----+\n| WESLEY.BULL@sakilacustomer.org   | Games         |   9 |\n| ALMA.AUSTIN@sakilacustomer.org   | Animation     |   8 |\n| KARL.SEAL@sakilacustomer.org     | Animation     |   8 |\n| LYDIA.BURKE@sakilacustomer.org   | Documentary   |   8 |\n| NATHAN.RUNYON@sakilacustomer.org | Animation     |   7 |\n+----------------------------------+---------------+-----+\n5 rows in set (0.06 sec)\n```", "```\nmysql> `SELECT` `COUNT``(``*``)` `FROM` `category``;`\n```", "```\n+----------+\n| COUNT(*) |\n+----------+\n|       16 |\n+----------+\n1 row in set (0.00 sec)\n```", "```\nmysql> `SELECT` `email``,` `name` `AS` `category_name``,` `COUNT``(``category_id``)` `AS` `cnt`\n    -> `FROM` `category` `cat` `LEFT` `JOIN` `film_category` `USING` `(``category_id``)`\n    -> `LEFT` `JOIN` `inventory` `USING` `(``film_id``)`\n    -> `LEFT` `JOIN` `rental` `USING` `(``inventory_id``)`\n    -> `JOIN` `customer` `cs` `ON` `rental``.``customer_id` `=` `cs``.``customer_id`\n    -> `WHERE` `cs``.``email` `=` `'WESLEY.BULL@sakilacustomer.org'`\n    -> `GROUP` `BY` `email``,` `category_name`\n    -> `ORDER` `BY` `cnt` `DESC``;`\n```", "```\n+--------------------------------+---------------+-----+\n| email                          | category_name | cnt |\n+--------------------------------+---------------+-----+\n| WESLEY.BULL@sakilacustomer.org | Games         |   9 |\n| WESLEY.BULL@sakilacustomer.org | Foreign       |   6 |\n| ...                                                  |\n| WESLEY.BULL@sakilacustomer.org | Comedy        |   1 |\n| WESLEY.BULL@sakilacustomer.org | Sports        |   1 |\n+--------------------------------+---------------+-----+\n14 rows in set (0.00 sec)\n```", "```\nmysql> `INSERT` `INTO` `category``(``name``)` `VALUES` `(``'Thriller'``)``;`\n\n```", "```\nQuery OK, 1 row affected (0.01 sec)\n```", "```\nmysql> `SELECT` `cat``.``name``,` `COUNT``(``rental_id``)` `cnt`\n    -> `FROM` `category` `cat` `LEFT` `JOIN` `film_category` `USING` `(``category_id``)`\n    -> `LEFT` `JOIN` `inventory` `USING` `(``film_id``)`\n    -> `LEFT` `JOIN` `rental` `USING` `(``inventory_id``)`\n    -> `LEFT` `JOIN` `customer` `cs` `ON` `rental``.``customer_id` `=` `cs``.``customer_id`\n    -> `GROUP` `BY` `1`\n    -> `ORDER` `BY` `2` `DESC``;`\n```", "```\n+---------------+------+\n| category_name | cnt  |\n+---------------+------+\n| Sports        | 1179 |\n| Animation     | 1166 |\n| ...                  |\n| Music         |  830 |\n| Thriller      |    0 |\n+---------------+------+\n17 rows in set (0.07 sec)\n```", "```\nmysql> `SELECT` `title``,` `rental_date`\n    -> `FROM` `rental` `RIGHT` `JOIN` `inventory` `USING` `(``inventory_id``)`\n    -> `RIGHT` `JOIN` `film` `USING` `(``film_id``)`\n    -> `ORDER` `BY` `rental_date` `DESC``;`\n```", "```\n...\n| SUICIDES SILENCE            | NULL                |\n| TADPOLE PARK                | NULL                |\n| TREASURE COMMAND            | NULL                |\n| VILLAIN DESPERATE           | NULL                |\n| VOLUME HOUSE                | NULL                |\n| WAKE JAWS                   | NULL                |\n| WALLS ARTIST                | NULL                |\n+-----------------------------+---------------------+\n16087 rows in set (0.06 sec)\n```", "```\nmysql> `SELECT` `first_name``,` `last_name``,` `film_id`\n    -> `FROM` `actor_info` `NATURAL` `JOIN` `film_actor`\n    -> `LIMIT` `20``;`\n```", "```\n+------------+-----------+---------+\n| first_name | last_name | film_id |\n+------------+-----------+---------+\n| PENELOPE   | GUINESS   |       1 |\n| PENELOPE   | GUINESS   |      23 |\n| ...                              |\n| PENELOPE   | GUINESS   |     980 |\n| NICK       | WAHLBERG  |       3 |\n+------------+-----------+---------+\n20 rows in set (0.28 sec)\n```", "```\nmysql> `SELECT` `first_name``,` `last_name``,` `film_id` `FROM`\n    -> `actor_info` `JOIN` `film_actor`\n    -> `WHERE` `(``actor_info``.``actor_id` `=` `film_actor``.``actor_id``)`\n    -> `LIMIT` `20``;`\n```", "```\nmysql> `SELECT` `first_name``,` `last_name``,` `film_id` `FROM` `actor` `NATURAL` `JOIN` `film_actor``;`\n```", "```\nEmpty set (0.01 sec)\n```", "```\nmysql> `SHOW` `WARNINGS``\\``G`\n```", "```\n*************************** 1\\. row ***************************\n  Level: Note\n   Code: 1003\nMessage: /* select#1 */ select `sakila`.`customer`.`email` AS `email`,\n`sakila`.`rental`.`rental_date` AS `rental_date`\nfrom `sakila`.`customer` join `sakila`.`rental`\nwhere ((`sakila`.`rental`.`last_update` = `sakila`.`customer`.`last_update`)\nand (`sakila`.`rental`.`customer_id` = `sakila`.`customer`.`customer_id`))\n1 row in set (0.00 sec)\n```", "```\nmysql> `SELECT` `first_name``,` `last_name``,` `title`\n    -> `FROM` `actor` `JOIN` `film_actor` `USING` `(``actor_id``)`\n    -> `JOIN` `film` `USING` `(``film_id``)`\n    -> `WHERE` `actor_id` `=` `11``;`\n```", "```\n+------------+-----------+--------------------+\n| first_name | last_name | title              |\n+------------+-----------+--------------------+\n| ZERO       | CAGE      | CANYON STOCK       |\n| ZERO       | CAGE      | DANCES NONE        |\n| ...                                         |\n| ZERO       | CAGE      | WEST LION          |\n| ZERO       | CAGE      | WORKER TARZAN      |\n+------------+-----------+--------------------+\n25 rows in set (0.00 sec)\n```", "```\nmysql> `SELECT` `first_name``,` `last_name``,` `title`\n    -> `FROM` `actor` `JOIN` `film_actor`\n    ->   `ON` `actor``.``actor_id` `=` `film_actor``.``actor_id`\n    ->   `AND` `actor``.``actor_id` `=` `11`\n    -> `JOIN` `film` `USING` `(``film_id``)``;`\n```", "```\n+------------+-----------+--------------------+\n| first_name | last_name | title              |\n+------------+-----------+--------------------+\n| ZERO       | CAGE      | CANYON STOCK       |\n| ZERO       | CAGE      | DANCES NONE        |\n| ...                                         |\n| ZERO       | CAGE      | WEST LION          |\n| ZERO       | CAGE      | WORKER TARZAN      |\n+------------+-----------+--------------------+\n25 rows in set (0.00 sec)\n```", "```\nmysql> `SELECT` `email``,` `name` `AS` `category_name``,` `COUNT``(``rental_id``)` `AS` `cnt`\n    -> `FROM` `category` `cat` `LEFT` `JOIN` `film_category` `USING` `(``category_id``)`\n    -> `LEFT` `JOIN` `inventory` `USING` `(``film_id``)`\n    -> `LEFT` `JOIN` `rental` `USING` `(``inventory_id``)`\n    -> `LEFT` `JOIN` `customer` `cs` `USING` `(``customer_id``)`\n    -> `WHERE` `cs``.``email` `=` `'WESLEY.BULL@sakilacustomer.org'`\n    -> `GROUP` `BY` `email``,` `category_name`\n    -> `ORDER` `BY` `cnt` `DESC``;`\n```", "```\n+--------------------------------+---------------+-----+\n| email                          | category_name | cnt |\n+--------------------------------+---------------+-----+\n| WESLEY.BULL@sakilacustomer.org | Games         |   9 |\n| WESLEY.BULL@sakilacustomer.org | Foreign       |   6 |\n| ...                                                  |\n| WESLEY.BULL@sakilacustomer.org | Comedy        |   1 |\n| WESLEY.BULL@sakilacustomer.org | Sports        |   1 |\n+--------------------------------+---------------+-----+\n14 rows in set (0.01 sec)\n```", "```\nmysql> `SELECT` `email``,` `name` `AS` `category_name``,` `COUNT``(``rental_id``)` `AS` `cnt`\n    -> `FROM` `category` `cat` `LEFT` `JOIN` `film_category` `USING` `(``category_id``)`\n    -> `LEFT` `JOIN` `inventory` `USING` `(``film_id``)`\n    -> `LEFT` `JOIN` `rental` `USING` `(``inventory_id``)`\n    -> `LEFT` `JOIN` `customer` `cs` `ON` `rental``.``customer_id` `=` `cs``.``customer_id`\n    -> `AND` `cs``.``email` `=` `'WESLEY.BULL@sakilacustomer.org'`\n    -> `GROUP` `BY` `email``,` `category_name`\n    -> `ORDER` `BY` `cnt` `DESC``;`\n```", "```\n+--------------------------------+-------------+------+\n| email                          | name        | cnt  |\n+--------------------------------+-------------+------+\n| NULL                           | Sports      | 1178 |\n| NULL                           | Animation   | 1164 |\n| ...                                                 |\n| NULL                           | Travel      |  834 |\n| NULL                           | Music       |  829 |\n| WESLEY.BULL@sakilacustomer.org | Games       |    9 |\n| WESLEY.BULL@sakilacustomer.org | Foreign     |    6 |\n| ...                                                 |\n| WESLEY.BULL@sakilacustomer.org | Comedy      |    1 |\n| NULL                           | Thriller    |    0 |\n+--------------------------------+-------------+------+\n31 rows in set (0.07 sec)\n```", "```\nmysql> `SELECT` `first_name``,` `last_name` `FROM`\n    -> `actor` `JOIN` `film_actor` `USING` `(``actor_id``)`\n    -> `JOIN` `film` `USING` `(``film_id``)`\n    -> `WHERE` `title` `=` `'ZHIVAGO CORE'``;`\n```", "```\n+------------+-----------+\n| first_name | last_name |\n+------------+-----------+\n| UMA        | WOOD      |\n| NICK       | STALLONE  |\n| GARY       | PENN      |\n| SALMA      | NOLTE     |\n| KENNETH    | HOFFMAN   |\n| WILLIAM    | HACKMAN   |\n+------------+-----------+\n6 rows in set (0.00 sec)\n```", "```\nmysql> `SELECT` `first_name``,` `last_name` `FROM`\n    -> `actor` `JOIN` `film_actor` `USING` `(``actor_id``)`\n    -> `WHERE` `film_id` `=` `(``SELECT` `film_id` `FROM` `film`\n    -> `WHERE` `title` `=` `'ZHIVAGO CORE'``)``;`\n```", "```\n+------------+-----------+\n| first_name | last_name |\n+------------+-----------+\n| UMA        | WOOD      |\n| NICK       | STALLONE  |\n| GARY       | PENN      |\n| SALMA      | NOLTE     |\n| KENNETH    | HOFFMAN   |\n| WILLIAM    | HACKMAN   |\n+------------+-----------+\n6 rows in set (0.00 sec)\n```", "```\nmysql> `SELECT` `film_id` `FROM` `film` `WHERE` `title` `=` `'ZHIVAGO CORE'``;`\n```", "```\n+---------+\n| film_id |\n+---------+\n|     998 |\n+---------+\n1 row in set (0.03 sec)\n```", "```\nmysql> `SELECT` `first_name``,` `last_name`\n    -> `FROM` `actor` `JOIN` `film_actor` `USING` `(``actor_id``)`\n    -> `WHERE` `film_id` `=` `998``;`\n```", "```\n+------------+-----------+\n| first_name | last_name |\n+------------+-----------+\n| UMA        | WOOD      |\n| NICK       | STALLONE  |\n| GARY       | PENN      |\n| SALMA      | NOLTE     |\n| KENNETH    | HOFFMAN   |\n| WILLIAM    | HACKMAN   |\n+------------+-----------+\n6 rows in set (0.00 sec)\n```", "```\nmysql> `SELECT` `MAX``(``rental_date``)` `FROM` `rental`\n    -> `JOIN` `customer` `USING` `(``customer_id``)`\n    -> `WHERE` `email` `=` `'WESLEY.BULL@sakilacustomer.org'``;`\n```", "```\n+---------------------+\n| MAX(rental_date)    |\n+---------------------+\n| 2005-08-23 15:46:33 |\n+---------------------+\n1 row in set (0.01 sec)\n```", "```\nmysql> `SELECT` `title` `FROM` `film`\n    -> `JOIN` `inventory` `USING` `(``film_id``)`\n    -> `JOIN` `rental` `USING` `(``inventory_id``)`\n    -> `JOIN` `customer` `USING` `(``customer_id``)`\n    -> `WHERE` `email` `=` `'WESLEY.BULL@sakilacustomer.org'`\n    -> `AND` `rental_date` `=` `'2005-08-23 15:46:33'``;`\n```", "```\n+-------------+\n| title       |\n+-------------+\n| KARATE MOON |\n+-------------+\n1 row in set (0.00 sec)\n```", "```\nmysql> `SELECT` `title` `FROM` `film` `JOIN` `inventory` `USING` `(``film_id``)`\n    -> `JOIN` `rental` `USING` `(``inventory_id``)`\n    -> `WHERE` `rental_date` `=` `(``SELECT` `MAX``(``rental_date``)` `FROM` `rental`\n    -> `JOIN` `customer` `USING` `(``customer_id``)`\n    -> `WHERE` `email` `=` `'WESLEY.BULL@sakilacustomer.org'``)``;`\n```", "```\n+-------------+\n| title       |\n+-------------+\n| KARATE MOON |\n+-------------+\n1 row in set (0.01 sec)\n```", "```\n$ mysql -uroot -p < employees.sql\nINFO\nCREATING DATABASE STRUCTURE\nINFO\nstorage engine: InnoDB\nINFO\nLOADING departments\nINFO\nLOADING employees\nINFO\nLOADING dept_emp\nINFO\nLOADING dept_manager\nINFO\nLOADING titles\nINFO\nLOADING salaries\ndata_load_time_diff\n00:00:28\n```", "```\n$ mysql -uroot -p < test_employees_md5.sql\nINFO\nTESTING INSTALLATION\ntable_name      expected_records        expected_crc\ndepartments     9       d1af5e170d2d1591d776d5638d71fc5f\ndept_emp        331603  ccf6fe516f990bdaa49713fc478701b7\ndept_manager    24      8720e2f0853ac9096b689c14664f847e\nemployees       300024  4ec56ab5ba37218d187cf6ab09ce1aa1\nsalaries        2844047 fd220654e95aea1b169624ffe3fca934\ntitles  443308  bfa016c472df68e70a03facafa1bc0a8\ntable_name      found_records           found_crc\ndepartments     9       d1af5e170d2d1591d776d5638d71fc5f\ndept_emp        331603  ccf6fe516f990bdaa49713fc478701b7\ndept_manager    24      8720e2f0853ac9096b689c14664f847e\nemployees       300024  4ec56ab5ba37218d187cf6ab09ce1aa1\nsalaries        2844047 fd220654e95aea1b169624ffe3fca934\ntitles  443308  bfa016c472df68e70a03facafa1bc0a8\ntable_name      records_match   crc_match\ndepartments     OK      ok\ndept_emp        OK      ok\ndept_manager    OK      ok\nemployees       OK      ok\nsalaries        OK      ok\ntitles  OK      ok\ncomputation_time\n00:00:25\nsummary result\nCRC     OK\ncount   OK\n```", "```\n$ mysql employees\n```", "```\nmysql> `USE` `employees`\n```", "```\nmysql> `SELECT` `emp_no``,` `first_name``,` `last_name``,` `hire_date`\n    -> `FROM` `employees` `JOIN` `titles` `USING` `(``emp_no``)`\n    -> `WHERE` `title` `=` `'Assistant Engineer'`\n    -> `AND` `hire_date` `<` `ANY` `(``SELECT` `hire_date` `FROM`\n    -> `employees` `JOIN` `titles` `USING` `(``emp_no``)`\n    -> `WHERE` `title` `=` `'Manager'``)``;`\n```", "```\n+--------+----------------+------------------+------------+\n| emp_no | first_name     | last_name        | hire_date  |\n+--------+----------------+------------------+------------+\n|  10009 | Sumant         | Peac             | 1985-02-18 |\n|  10066 | Kwee           | Schusler         | 1986-02-26 |\n| ...                                                     |\n| ...                                                     |\n| 499958 | Srinidhi       | Theuretzbacher   | 1989-12-17 |\n| 499974 | Shuichi        | Piazza           | 1989-09-16 |\n+--------+----------------+------------------+------------+\n10747 rows in set (0.20 sec)\n```", "```\nmysql> `SELECT` `hire_date` `FROM`\n    -> `employees` `JOIN` `titles` `USING` `(``emp_no``)`\n    -> `WHERE` `title` `=` `'Manager'``;`\n```", "```\n+------------+\n| hire_date  |\n+------------+\n| 1985-01-01 |\n| 1986-04-12 |\n| ...        |\n| 1991-08-17 |\n| 1989-07-10 |\n+------------+\n24 rows in set (0.10 sec)\n```", "```\nmysql> `SELECT` `emp_no``,` `first_name``,` `last_name`\n    -> `FROM` `employees` `JOIN` `titles` `USING` `(``emp_no``)`\n    -> `WHERE` `title` `=` `'Manager'`\n    -> `AND` `emp_no` `=` `ANY` `(``SELECT` `emp_no` `FROM` `employees`\n    -> `JOIN` `titles` `USING` `(``emp_no``)` `WHERE`\n    -> `title` `<``>` `'Manager'``)``;`\n```", "```\n+--------+-------------+--------------+\n| emp_no | first_name  | last_name    |\n+--------+-------------+--------------+\n| 110022 | Margareta   | Markovitch   |\n| 110039 | Vishwani    | Minakawa     |\n| ...                                 |\n| 111877 | Xiaobin     | Spinelli     |\n| 111939 | Yuchang     | Weedman      |\n+--------+-------------+--------------+\n24 rows in set (0.11 sec)\n```", "```\nmysql> `SELECT` `emp_no``,` `first_name``,` `last_name`\n    -> `FROM` `employees` `JOIN` `titles` `USING` `(``emp_no``)`\n    -> `WHERE` `title` `=` `'Manager'`\n    -> `AND` `emp_no` `IN` `(``SELECT` `emp_no` `FROM` `employees`\n    -> `JOIN` `titles` `USING` `(``emp_no``)` `WHERE`\n    -> `title` `<``>` `'Manager'``)``;`\n```", "```\n+--------+-------------+--------------+\n| emp_no | first_name  | last_name    |\n+--------+-------------+--------------+\n| 110022 | Margareta   | Markovitch   |\n| 110039 | Vishwani    | Minakawa     |\n| ...                                 |\n| 111877 | Xiaobin     | Spinelli     |\n| 111939 | Yuchang     | Weedman      |\n+--------+-------------+--------------+\n24 rows in set (0.11 sec)\n```", "```\nmysql> `SELECT` `DISTINCT` `emp_no``,` `first_name``,` `last_name`\n    -> `FROM` `employees` `JOIN` `titles` `mgr` `USING` `(``emp_no``)`\n    -> `JOIN` `titles` `nonmgr` `USING` `(``emp_no``)`\n    -> `WHERE` `mgr``.``title` `=` `'Manager'`\n    -> `AND` `nonmgr``.``title` `<``>` `'Manager'``;`\n```", "```\n+--------+-------------+--------------+\n| emp_no | first_name  | last_name    |\n+--------+-------------+--------------+\n| 110022 | Margareta   | Markovitch   |\n| 110039 | Vishwani    | Minakawa     |\n| ...                                 |\n| 111877 | Xiaobin     | Spinelli     |\n| 111939 | Yuchang     | Weedman      |\n+--------+-------------+--------------+\n24 rows in set (0.11 sec)\n```", "```\nmysql> `SELECT` `emp_no``,` `first_name``,` `last_name``,` `hire_date`\n    -> `FROM` `employees` `JOIN` `titles` `USING` `(``emp_no``)`\n    -> `WHERE` `title` `=` `'Assistant Engineer'`\n    -> `AND` `hire_date` `<` `ALL` `(``SELECT` `hire_date` `FROM`\n    -> `employees` `JOIN` `titles` `USING` `(``emp_no``)`\n    -> `WHERE` `title` `=` `'Manager'``)``;`\n```", "```\nEmpty set (0.18 sec)\n```", "```\nmysql> `(``SELECT` `'Assistant Engineer'` `AS` `title``,`\n    -> `MIN``(``hire_date``)` `AS` `mhd` `FROM` `employees`\n    -> `JOIN` `titles` `USING` `(``emp_no``)`\n    -> `WHERE` `title` `=` `'Assistant Engineer'``)`\n    -> `UNION`\n    -> `(``SELECT` `'Manager'` `title``,` `MIN``(``hire_date``)` `mhd` `FROM` `employees`\n    -> `JOIN` `titles` `USING` `(``emp_no``)`\n    -> `WHERE` `title` `=` `'Manager'``)``;`\n```", "```\n+--------------------+------------+\n| title              | mhd        |\n+--------------------+------------+\n| Assistant Engineer | 1985-02-01 |\n| Manager            | 1985-01-01 |\n+--------------------+------------+\n2 rows in set (0.26 sec)\n```", "```\nmysql> `SELECT` `emp_no``,` `first_name``,` `last_name`\n    -> `FROM` `employees` `JOIN` `titles` `USING` `(``emp_no``)`\n    -> `WHERE` `title` `=` `'Manager'` `AND` `emp_no` `NOT` `IN`\n    -> `(``SELECT` `emp_no` `FROM` `titles`\n    -> `WHERE` `title` `=` `'Senior Staff'``)``;`\n```", "```\n+--------+-------------+--------------+\n| emp_no | first_name  | last_name    |\n+--------+-------------+--------------+\n| 110183 | Shirish     | Ossenbruggen |\n| 110303 | Krassimir   | Wegerle      |\n| ...                                 |\n| 111400 | Arie        | Staelin      |\n| 111692 | Tonny       | Butterworth  |\n+--------+-------------+--------------+\n15 rows in set (0.09 sec)\n```", "```\nmysql> `SELECT` `mgr``.``emp_no``,` `YEAR``(``mgr``.``from_date``)` `AS` `fd`\n    -> `FROM` `titles` `AS` `mgr``,` `titles` `AS` `other`\n    -> `WHERE` `mgr``.``emp_no` `=` `other``.``emp_no`\n    -> `AND` `mgr``.``title` `=` `'Manager'`\n    -> `AND` `mgr``.``title` `<``>` `other``.``title`\n    -> `AND` `YEAR``(``mgr``.``from_date``)` `=` `YEAR``(``other``.``from_date``)``;`\n```", "```\n+--------+------+\n| emp_no | fd   |\n+--------+------+\n| 110765 | 1989 |\n| 111784 | 1988 |\n+--------+------+\n2 rows in set (0.11 sec)\n```", "```\nmysql> `SELECT` `emp_no``,` `YEAR``(``from_date``)` `AS` `fd`\n    -> `FROM` `titles` `WHERE` `title` `=` `'Manager'` `AND`\n    -> `(``emp_no``,` `YEAR``(``from_date``)``)` `IN`\n    -> `(``SELECT` `emp_no``,` `YEAR``(``from_date``)`\n    -> `FROM` `titles` `WHERE` `title` `<``>` `'Manager'``)``;`\n```", "```\n+--------+------+\n| emp_no | fd   |\n+--------+------+\n| 110765 | 1989 |\n| 111784 | 1988 |\n+--------+------+\n2 rows in set (0.12 sec)\n```", "```\n(emp_no, YEAR(from_date)) IN (SELECT emp_no, YEAR(from_date)\nFROM titles WHERE title <> 'Manager')\n```", "```\nmysql> `SELECT` `first_name``,` `last_name`\n    -> `FROM` `employees``,` `titles`\n    -> `WHERE` `(``employees``.``emp_no``,` `first_name``,` `last_name``,` `title``)` `=`\n    -> `(``titles``.``emp_no``,` `'Marjo'``,` `'Giarratana'``,` `'Senior Staff'``)``;`\n```", "```\n+------------+------------+\n| first_name | last_name  |\n+------------+------------+\n| Marjo      | Giarratana |\n+------------+------------+\n1 row in set (0.09 sec)\n```", "```\nmysql> `SELECT` `COUNT``(``*``)` `FROM` `film`\n    -> `WHERE` `EXISTS` `(``SELECT` `*` `FROM` `rental``)``;`\n```", "```\n+----------+\n| COUNT(*) |\n+----------+\n|     1000 |\n+----------+\n1 row in set (0.01 sec)\n```", "```\nmysql> `SELECT` `title` `FROM` `film`\n    -> `WHERE` `EXISTS` `(``SELECT` `*` `FROM` `film`\n    -> `WHERE` `title` `=` `'IS THIS A MOVIE?'``)``;`\n```", "```\nEmpty set (0.00 sec)\n```", "```\nmysql> `SELECT` `*` `FROM` `actor` `WHERE` `NOT` `EXISTS`\n    -> `(``SELECT` `*` `FROM` `film` `WHERE` `title` `=` `'ZHIVAGO CORE'``)``;`\n```", "```\nEmpty set (0.00 sec)\n```", "```\nmysql> `SELECT` `first_name``,` `last_name` `FROM` `staff`\n    -> `WHERE` `EXISTS` `(``SELECT` `*` `FROM` `customer`\n    -> `WHERE` `customer``.``first_name` `=` `staff``.``first_name`\n    -> `AND` `customer``.``last_name` `=` `staff``.``last_name``)``;`\n```", "```\nEmpty set (0.01 sec)\n```", "```\nmysql> `INSERT` `INTO` `customer``(``store_id``,` `first_name``,` `last_name``,`\n    -> `email``,` `address_id``,` `create_date``)`\n    -> `VALUES` `(``1``,` `'Mike'``,` `'Hillyer'``,`\n    -> `'Mike.Hillyer@sakilastaff.com'``,` `3``,` `NOW``(``)``)``;`\n```", "```\nQuery OK, 1 row affected (0.02 sec)\n```", "```\nmysql> `SELECT` `first_name``,` `last_name` `FROM` `staff`\n    -> `WHERE` `EXISTS` `(``SELECT` `*` `FROM` `customer`\n    -> `WHERE` `customer``.``first_name` `=` `staff``.``first_name`\n    -> `AND` `customer``.``last_name` `=` `staff``.``last_name``)``;`\n```", "```\n+------------+-----------+\n| first_name | last_name |\n+------------+-----------+\n| Mike       | Hillyer   |\n+------------+-----------+\n1 row in set (0.00 sec)\n```", "```\nmysql> `SELECT` `*` `FROM` `customer` `WHERE` `customer``.``first_name` `=` `staff``.``first_name``;`\n```", "```\nERROR 1054 (42S22): Unknown column 'staff.first_name' in 'where clause'\n```", "```\nmysql> `SELECT` `COUNT``(``*``)` `FROM` `film` `WHERE` `EXISTS`\n    -> `(``SELECT` `film_id` `FROM` `inventory`\n    -> `WHERE` `inventory``.``film_id` `=` `film``.``film_id`\n    -> `GROUP` `BY` `film_id` `HAVING` `COUNT``(``*``)` `>``=` `2``)``;`\n```", "```\n+----------+\n| COUNT(*) |\n+----------+\n|      958 |\n+----------+\n1 row in set (0.00 sec)\n```", "```\nmysql> `SELECT` `emp_no``,` `first_name``,` `last_name`\n    -> `FROM` `employees` `JOIN` `titles` `USING` `(``emp_no``)`\n    -> `WHERE` `title` `=` `'Manager'`\n    -> `AND` `emp_no` `IN` `(``SELECT` `emp_no` `FROM` `employees`\n    -> `JOIN` `titles` `USING` `(``emp_no``)` `WHERE`\n    -> `title` `<``>` `'Manager'``)``;`\n```", "```\n+--------+-------------+--------------+\n| emp_no | first_name  | last_name    |\n+--------+-------------+--------------+\n| 110022 | Margareta   | Markovitch   |\n| 110039 | Vishwani    | Minakawa     |\n| ...                                 |\n| 111877 | Xiaobin     | Spinelli     |\n| 111939 | Yuchang     | Weedman      |\n+--------+-------------+--------------+\n24 rows in set (0.11 sec)\n```", "```\nmysql> `SELECT` `emp_no``,` `first_name``,` `last_name`\n    -> `FROM` `employees` `JOIN` `titles` `USING` `(``emp_no``)`\n    -> `WHERE` `title` `=` `'Manager'`\n    -> `AND` `EXISTS` `(``SELECT` `emp_no` `FROM` `titles`\n    -> `WHERE` `titles``.``emp_no` `=` `employees``.``emp_no`\n    -> `AND` `title` `<``>` `'Manager'``)``;`\n```", "```\n+--------+-------------+--------------+\n| emp_no | first_name  | last_name    |\n+--------+-------------+--------------+\n| 110022 | Margareta   | Markovitch   |\n| 110039 | Vishwani    | Minakawa     |\n| ...                                 |\n| 111877 | Xiaobin     | Spinelli     |\n| 111939 | Yuchang     | Weedman      |\n+--------+-------------+--------------+\n24 rows in set (0.09 sec)\n```", "```\nmysql> `SELECT` `emp_no``,` `first_name``,` `last_name`\n    -> `FROM` `employees` `JOIN` `titles` `USING` `(``emp_no``)`\n    -> `WHERE` `title` `=` `'Manager'`\n    -> `AND` `emp_no` `IN` `(``SELECT` `emp_no` `FROM` `titles`\n    -> `WHERE` `titles``.``emp_no` `=` `employees``.``emp_no`\n    -> `AND` `title` `<``>` `'Manager'``)``;`\n```", "```\n+--------+-------------+--------------+\n| emp_no | first_name  | last_name    |\n+--------+-------------+--------------+\n| 110022 | Margareta   | Markovitch   |\n| 110039 | Vishwani    | Minakawa     |\n| ...                                 |\n| 111877 | Xiaobin     | Spinelli     |\n| 111939 | Yuchang     | Weedman      |\n+--------+-------------+--------------+\n24 rows in set (0.09 sec)\n```", "```\nmysql> `SELECT` `emp_no``,` `first_name``,` `last_name`\n    -> `FROM` `employees` `JOIN` `titles` `USING` `(``emp_no``)`\n    -> `WHERE` `title` `=` `'Manager'`\n    -> `AND` `emp_no` `=` `(``SELECT` `emp_no` `FROM` `titles`\n    -> `WHERE` `titles``.``emp_no` `=` `employees``.``emp_no`\n    -> `AND` `title` `<``>` `'Manager'``)``;`\n```", "```\nERROR 1242 (21000): Subquery returns more than 1 row\n```", "```\nmysql> `SELECT` `emp_no``,` `first_name``,` `last_name`\n    -> `FROM` `employees` `JOIN` `titles` `USING` `(``emp_no``)`\n    -> `WHERE` `title` `=` `'Manager'`\n    -> `AND` `emp_no` `=` `(``SELECT` `emp_no` `FROM` `titles`\n    -> `WHERE` `titles``.``emp_no` `=` `employees``.``emp_no`\n    -> `AND` `title` `=` `'Senior Engineer'``)``;`\n```", "```\n+--------+------------+-----------+\n| emp_no | first_name | last_name |\n+--------+------------+-----------+\n| 110344 | Rosine     | Cools     |\n| 110420 | Oscar      | Ghazalie  |\n| 110800 | Sanjoy     | Quadeer   |\n+--------+------------+-----------+\n3 rows in set (0.10 sec)\n```", "```\nmysql> `SELECT` `emp_no``,` `monthly_salary` `FROM`\n    -> `(``SELECT` `emp_no``,` `salary``/``12` `AS` `monthly_salary` `FROM` `salaries``)` `AS` `ms`\n    -> `LIMIT` `5``;`\n```", "```\n+--------+----------------+\n| emp_no | monthly_salary |\n+--------+----------------+\n|  10001 |      5009.7500 |\n|  10001 |      5175.1667 |\n|  10001 |      5506.1667 |\n|  10001 |      5549.6667 |\n|  10001 |      5580.0833 |\n+--------+----------------+\n5 rows in set (0.00 sec)\n```", "```\nmysql> `SELECT` `emp_no``,` `monthly_salary` `FROM`\n    -> `(``SELECT` `emp_no``,` `salary``/``12` `AS` `monthly_salary` `FROM` `salaries``)`\n    -> `LIMIT` `5``;`\n```", "```\nERROR 1248 (42000): Every derived table must have its own alias\n```", "```\nmysql> `SELECT` `AVG``(``gross``)` `FROM`\n    -> `(``SELECT` `SUM``(``amount``)` `AS` `gross`\n    -> `FROM` `payment` `JOIN` `rental` `USING` `(``rental_id``)`\n    -> `JOIN` `inventory` `USING` `(``inventory_id``)`\n    -> `JOIN` `film` `USING` `(``film_id``)`\n    -> `GROUP` `BY` `film_id``)` `AS` `gross_amount``;`\n```", "```\n+------------+\n| AVG(gross) |\n+------------+\n|  70.361754 |\n+------------+\n1 row in set (0.05 sec)\n```", "```\nmysql> `SELECT` `SUM``(``amount``)` `AS` `gross`\n    -> `FROM` `payment` `JOIN` `rental` `USING` `(``rental_id``)`\n    -> `JOIN` `inventory` `USING` `(``inventory_id``)`\n    -> `JOIN` `film` `USING` `(``film_id``)`\n    -> `GROUP` `BY` `film_id``;`\n```", "```\n+--------+\n| gross  |\n+--------+\n|  36.77 |\n|  52.93 |\n|  37.88 |\n|    ... |\n|  14.91 |\n|  73.83 |\n| 214.69 |\n+--------+\n958 rows in set (0.08 sec)\n```", "```\nmysql> `SELECT` `AVG``(``SUM``(``amount``)``)` `AS` `avg_gross`\n    -> `FROM` `payment` `JOIN` `rental` `USING` `(``rental_id``)`\n    -> `JOIN` `inventory` `USING` `(``inventory_id``)`\n    -> `JOIN` `film` `USING` `(``film_id``)` `GROUP` `BY` `film_id``;`\n```", "```\nERROR 1111 (HY000): Invalid use of group function\n```", "```\nmysql> `SELECT` `cat``.``name` `AS` `category_name``,` `COUNT``(``cat``.``category_id``)` `AS` `cnt`\n    -> `FROM` `category` `AS` `cat` `LEFT` `JOIN` `film_category` `USING` `(``category_id``)`\n    -> `LEFT` `JOIN` `inventory` `USING` `(``film_id``)`\n    -> `LEFT` `JOIN` `rental` `USING` `(``inventory_id``)`\n    -> `JOIN` `customer` `AS` `cs` `ON` `rental``.``customer_id` `=` `cs``.``customer_id`\n    -> `WHERE` `cs``.``email` `=` `'WESLEY.BULL@sakilacustomer.org'`\n    -> `GROUP` `BY` `category_name` `ORDER` `BY` `cnt` `DESC``;`\n```", "```\n+-------------+-----+\n| name        | cnt |\n+-------------+-----+\n| Games       |   9 |\n| Foreign     |   6 |\n| ...               |\n| ...               |\n| Comedy      |   1 |\n| Sports      |   1 |\n+-------------+-----+\n14 rows in set (0.00 sec)\n```", "```\nmysql> `SELECT` `cat``.``name` `AS` `category_name``,` `cnt`\n    -> `FROM` `category` `AS` `cat`\n    -> `LEFT` `JOIN` `(``SELECT` `cat``.``name``,` `COUNT``(``cat``.``category_id``)` `AS` `cnt`\n    ->    `FROM` `category` `AS` `cat`\n    ->    `LEFT` `JOIN` `film_category` `USING` `(``category_id``)`\n    ->    `LEFT` `JOIN` `inventory` `USING` `(``film_id``)`\n    ->    `LEFT` `JOIN` `rental` `USING` `(``inventory_id``)`\n    ->    `JOIN` `customer` `cs` `ON` `rental``.``customer_id` `=` `cs``.``customer_id`\n    ->    `WHERE` `cs``.``email` `=` `'WESLEY.BULL@sakilacustomer.org'`\n    ->    `GROUP` `BY` `cat``.``name``)` `customer_cat` `USING` `(``name``)`\n    -> `ORDER` `BY` `cnt` `DESC``;`\n```", "```\n+-------------+------+\n| name        | cnt  |\n+-------------+------+\n| Games       |    9 |\n| Foreign     |    6 |\n| ...                |\n| Children    |    1 |\n| Sports      |    1 |\n| Sci-Fi      | NULL |\n| Action      | NULL |\n| Thriller    | NULL |\n+-------------+------+\n17 rows in set (0.01 sec)\n```", "```\nmysql> `SELECT` `@``film``:``=``title` `FROM` `film` `WHERE` `film_id` `=` `1``;`\n```", "```\n+------------------+\n| @film:=title     |\n+------------------+\n| ACADEMY DINOSAUR |\n+------------------+\n1 row in set, 1 warning (0.00 sec)\n```", "```\nmysql> `SELECT` `@``film``;`\n```", "```\n+------------------+\n| @film            |\n+------------------+\n| ACADEMY DINOSAUR |\n+------------------+\n1 row in set (0.00 sec)\n```", "```\nmysql> `SELECT` `@``film``:``=``title` `FROM` `film` `WHERE` `film_id` `=` `1``;`\nmysql> `SHOW` `WARNINGS``\\``G`\n```", "```\n*************************** 1\\. row ***************************\n  Level: Warning\n   Code: 1287\nMessage: Setting user variables within expressions is deprecated\nand will be removed in a future release. Consider alternatives:\n'SET variable=expression, ...', or\n'SELECT expression(s) INTO variables(s)'.\n1 row in set (0.00 sec)\n```", "```\nmysql> `SET` `@``film` `:``=` `(``SELECT` `title` `FROM` `film` `WHERE` `film_id` `=` `1``)``;`\n```", "```\nQuery OK, 0 rows affected (0.00 sec)\n```", "```\nmysql> `SELECT` `@``film``;`\n```", "```\n+------------------+\n| @film            |\n+------------------+\n| ACADEMY DINOSAUR |\n+------------------+\n1 row in set (0.00 sec)\n```", "```\nmysql> `SELECT` `title` `INTO` `@``film` `FROM` `film` `WHERE` `film_id` `=` `1``;`\n```", "```\nQuery OK, 1 row affected (0.00 sec)\n```", "```\nmysql> `SELECT` `@``film``;`\n```", "```\n+------------------+\n| @film            |\n+------------------+\n| ACADEMY DINOSAUR |\n+------------------+\n1 row in set (0.00 sec)\n```", "```\nmysql> `SET` `@``counter` `:``=` `0``;`\n```", "```\nQuery OK, 0 rows affected (0.00 sec)\n```", "```\nmysql> `SET` `@``counter` `=` `0``,` `@``age` `:``=` `23``;`\n```", "```\nQuery OK, 0 rows affected (0.00 sec)\n```", "```\nmysql> `SELECT` `0` `INTO` `@``counter``;`\n```", "```\nQuery OK, 1 row affected (0.00 sec)\n```", "```\nmysql> `SELECT` `0``,` `23` `INTO` `@``counter``,` `@``age``;`\n```", "```\nQuery OK, 1 row affected (0.00 sec)\n```", "```\nmysql> `SELECT` `MAX``(``rental_date``)` `FROM` `rental`\n    -> `JOIN` `customer` `USING` `(``customer_id``)`\n    -> `WHERE` `email` `=` `'WESLEY.BULL@sakilacustomer.org'``;`\n```", "```\n+---------------------+\n| MAX(rental_date)    |\n+---------------------+\n| 2005-08-23 15:46:33 |\n+---------------------+\n1 row in set (0.01 sec)\n```", "```\nmysql> `SELECT` `title` `FROM` `film`\n    -> `JOIN` `inventory` `USING` `(``film_id``)`\n    -> `JOIN` `rental` `USING` `(``inventory_id``)`\n    -> `JOIN` `customer` `USING` `(``customer_id``)`\n    -> `WHERE` `email` `=` `'WESLEY.BULL@sakilacustomer.org'`\n    -> `AND` `rental_date` `=` `'2005-08-23 15:46:33'``;`\n```", "```\n+-------------+\n| title       |\n+-------------+\n| KARATE MOON |\n+-------------+\n1 row in set (0.00 sec)\n```", "```\nmysql> `SELECT` `MAX``(``rental_date``)` `INTO` `@``recent` `FROM` `rental`\n    -> `JOIN` `customer` `USING` `(``customer_id``)`\n    -> `WHERE` `email` `=` `'WESLEY.BULL@sakilacustomer.org'``;`\n```", "```\n1 row in set (0.01 sec)\n```", "```\nmysql> `SELECT` `title` `FROM` `film`\n    -> `JOIN` `inventory` `USING` `(``film_id``)`\n    -> `JOIN` `rental` `USING` `(``inventory_id``)`\n    -> `JOIN` `customer` `USING` `(``customer_id``)`\n    -> `WHERE` `email` `=` `'WESLEY.BULL@sakilacustomer.org'`\n    -> `AND` `rental_date` `=` `@``recent``;`\n```", "```\n+-------------+\n| title       |\n+-------------+\n| KARATE MOON |\n+-------------+\n1 row in set (0.00 sec)\n```", "```\n    mysql> `SELECT` `@``fid``,` `@``fid``:``=``film``.``film_id``,` `@``fid` `FROM` `film``,` `inventory`\n        -> `WHERE` `inventory``.``film_id` `=` `@``fid``;`\n    ```", "```\n    Empty set, 1 warning (0.16 sec)\n    ```", "```\n    mysql> `SELECT` `@``fid``,` `@``fid``:``=``film``.``film_id``,` `@``fid` `FROM` `film``,` `inventory`\n        -> `WHERE` `inventory``.``film_id` `=` `film``.``film_id` `LIMIT` `20``;`\n    ```", "```\n    +------+--------------------+------+\n    | @fid | @fid:=film.film_id | @fid |\n    +------+--------------------+------+\n    | NULL |                  1 | 1    |\n    | 1    |                  1 | 1    |\n    | 1    |                  1 | 1    |\n    | ...                              |\n    | 4    |                  4 | 4    |\n    | 4    |                  4 | 4    |\n    +------+--------------------+------+\n    20 rows in set, 1 warning (0.00 sec)\n    ```", "```\n    mysql> `SELECT` `@``fid``,` `@``fid``:``=``film``.``film_id``,` `@``fid` `FROM` `film``,` `inventory`\n        -> `WHERE` `inventory``.``film_id` `=` `film``.``film_id` `LIMIT` `20``;`\n    ```", "```\n    +------+--------------------+------+\n    | @fid | @fid:=film.film_id | @fid |\n    +------+--------------------+------+\n    |    4 |                  1 |    1 |\n    |    1 |                  1 |    1 |\n    |  ...                             |\n    |    4 |                  4 |    4 |\n    |    4 |                  4 |    4 |\n    +------+--------------------+------+\n    20 rows in set, 1 warning (0.00 sec)\n    ```"]