["```\n$ `mysql -h localhost -u root -p`\nEnter password: `******`\nWelcome to the MySQL monitor.  Commands end with ; or \\g.\nYour MySQL connection id is 54117\nServer version: 8.0.27 MySQL Community Server - GPL\n\nCopyright (c) 2000, 2021, Oracle and/or its affiliates.\n\nOracle is a registered trademark of Oracle Corporation and/or its\naffiliates. Other names may be trademarks of their respective\nowners.\n\nType 'help;' or '\\h' for help. Type '\\c' to clear the current input statement.\n\nmysql> `CREATE USER 'cbuser'@'localhost' IDENTIFIED BY 'cbpass';`\nmysql> `GRANT ALL ON cookbook.* TO 'cbuser'@'localhost';`\nQuery OK, 0 rows affected (0.09 sec)\nmysql> ``GRANT PROCESS ON *.* to  `cbuser`@`localhost` ;``\nQuery OK, 0 rows affected (0,01 sec)\nmysql> `quit`\nBye\n```", "```\nmysql> `CREATE USER 'cbuser'@'myhost.example.com' IDENTIFIED BY 'cbpass';`\nmysql> `GRANT ALL ON cookbook.* TO 'cbuser'@'myhost.example.com';`\n```", "```\n$ `mysql -h localhost -u cbuser -p`\nEnter password: `cbpass`\n```", "```\nmysql> `CREATE DATABASE cookbook;`\n```", "```\nmysql> `USE cookbook;`\n```", "```\nmysql> `CREATE TABLE limbs (thing VARCHAR(20), legs INT, arms INT, PRIMARY KEY(thing));`\n```", "```\nmysql> `INSERT INTO limbs (thing,legs,arms) VALUES('human',2,2);`\nmysql> `INSERT INTO limbs (thing,legs,arms) VALUES('insect',6,0);`\nmysql> `INSERT INTO limbs (thing,legs,arms) VALUES('squid',0,10);`\nmysql> `INSERT INTO limbs (thing,legs,arms) VALUES('fish',0,0);`\nmysql> `INSERT INTO limbs (thing,legs,arms) VALUES('centipede',99,0);`\nmysql> `INSERT INTO limbs (thing,legs,arms) VALUES('table',4,0);`\nmysql> `INSERT INTO limbs (thing,legs,arms) VALUES('armchair',4,2);`\nmysql> `INSERT INTO limbs (thing,legs,arms) VALUES('phonograph',0,1);`\nmysql> `INSERT INTO limbs (thing,legs,arms) VALUES('tripod',3,0);`\nmysql> `INSERT INTO limbs (thing,legs,arms) VALUES('Peg Leg Pete',1,2);`\nmysql> `INSERT INTO limbs (thing,legs,arms) VALUES('space alien',NULL,NULL);`\n```", "```\nmysql> `SELECT * FROM limbs;`\n+--------------+------+------+\n| thing        | legs | arms |\n+--------------+------+------+\n| human        |    2 |    2 |\n| insect       |    6 |    0 |\n| squid        |    0 |   10 |\n| fish         |    0 |    0 |\n| centipede    |   99 |    0 |\n| table        |    4 |    0 |\n| armchair     |    4 |    2 |\n| phonograph   |    0 |    1 |\n| tripod       |    3 |    0 |\n| Peg Leg Pete |    1 |    2 |\n| space alien  | NULL | NULL |\n+--------------+------+------+\n11 rows in set (0,01 sec)\n```", "```\n$ `mysql`\nmysql: Command not found.\n```", "```\nC:\\> `mysql.exe`\n'mysql.exe' is not recognized as an internal or external command,↩\noperable program or batch file.\n```", "```\n$ `/usr/local/mysql/bin/mysql`\n```", "```\nC:\\> `\"C:\\Program Files\\MySQL\\MySQL Server 8.0\\bin\\mysql\"`\n```", "```\n$ `mysql -h localhost -u cbuser -p`\nEnter password: `cbpass`\n```", "```\n$ `mysql --host=localhost --user=cbuser --password`\nEnter password: `cbpass`\n```", "```\n$ `mysql --help`\n```", "```\n$ `mysqldump -h localhost -u cbuser -p cookbook > cookbook.sql`\nEnter password: `cbpass`\n```", "```\n$ `mysqladmin -h localhost -u root -p shutdown`\nEnter password:        ← enter MySQL root account password here\n```", "```\n$ `mysql -u cbuser -p`\n```", "```\n# general client program connection options\n[client]\nhost     = localhost\nuser     = cbuser\npassword = cbpass\n\n# options specific to the mysql program\n[mysql]\nskip-auto-rehash\npager=\"/usr/bin/less -i\" # specify pager for interactive mode\n```", "```\n$ `mysql`\n```", "```\n$ `mysql_config_editor set --login-path=client \\`\n> `--host=localhost --user=cbuser --password`\nEnter password: `cbpass`\n\n# print stored credentials\n$ `mysql_config_editor print --all`\n[client]\nuser = cbuser\npassword = *****\nhost = localhost\n```", "```\n$ `mysql --print-defaults`\n```", "```\n$ `my_print_defaults client mysqldump`\n```", "```\n$ `mysql -p`\nEnter password:        ← enter your password here\n```", "```\n$ `mysql -u root -p`\nEnter password:        ← enter MySQL root account password here\n```", "```\n$ `mysql --skip-password`\n```", "```\n$ `chmod 600 .my.cnf`\n$ `chmod go-rwx .my.cnf`\n```", "```\nmysql> `SELECT NOW();`\n+---------------------+\n| NOW()               |\n+---------------------+\n| 2014-04-06 17:43:52 |\n+---------------------+\nmysql> `SELECT`\n    -> `NOW()\\g`\n+---------------------+\n| NOW()               |\n+---------------------+\n| 2014-04-06 17:43:57 |\n+---------------------+\n```", "```\nmysql>  `USE cookbook`\nmysql> `SHOW FULL COLUMNS FROM limbs LIKE 'thing'\\G`\n*************************** 1\\. row ***************************\n     Field: thing\n      Type: varchar(20)\n Collation: utf8mb4_0900_ai_ci\n      Null: YES\n       Key:\n   Default: NULL\n     Extra:\nPrivileges: select,insert,update,references\n   Comment:\n```", "```\n$ `mysql -e \"SELECT COUNT(*) FROM limbs\" cookbook`\n+----------+\n| COUNT(*) |\n+----------+\n|       11 |\n+----------+\n```", "```\n$ `mysql -e \"SELECT COUNT(*) FROM limbs;SELECT NOW()\" cookbook`\n+----------+\n| COUNT(*) |\n+----------+\n|       11 |\n+----------+\n+---------------------+\n| NOW()               |\n+---------------------+\n| 2014-04-06 17:43:57 |\n+---------------------+\n```", "```\n$ `mysql cookbook <` *`file_name`*\n```", "```\nDROP TABLE IF EXISTS limbs;\nCREATE TABLE limbs\n(\n  thing VARCHAR(20),  # what the thing is\n  legs  INT,          # number of legs it has\n  arms  INT,          # number of arms it has\n  PRIMARY KEY(thing)\n);\n\nINSERT INTO limbs (thing,legs,arms) VALUES('human',2,2);\nINSERT INTO limbs (thing,legs,arms) VALUES('insect',6,0);\nINSERT INTO limbs (thing,legs,arms) VALUES('squid',0,10);\nINSERT INTO limbs (thing,legs,arms) VALUES('fish',0,0);\nINSERT INTO limbs (thing,legs,arms) VALUES('centipede',99,0);\nINSERT INTO limbs (thing,legs,arms) VALUES('table',4,0);\nINSERT INTO limbs (thing,legs,arms) VALUES('armchair',4,2);\nINSERT INTO limbs (thing,legs,arms) VALUES('phonograph',0,1);\nINSERT INTO limbs (thing,legs,arms) VALUES('tripod',3,0);\nINSERT INTO limbs (thing,legs,arms) VALUES('Peg Leg Pete',1,2);\nINSERT INTO limbs (thing,legs,arms) VALUES('space alien',NULL,NULL);\n```", "```\n$ `mysql cookbook < limbs.sql`\n```", "```\nmysql> `source limbs.sql`\nmysql> `\\. limbs.sql`\n```", "```\n$ `mysqldump cookbook > dump.sql`\n$ `mysql -h other-host.example.com cookbook < dump.sql`\n```", "```\n$ `mysqldump cookbook | mysql -h other-host.example.com cookbook`\n```", "```\n$ `generate-test-data | mysql cookbook`\n```", "```\n$ `mysql cookbook >` *`outputfile`*\n```", "```\n$ `mysql cookbook <` *`inputfile`* `>` *`outputfile`*\n```", "```\n$ `mysql cookbook <` *`inputfile`* `| sed -e \"s/\\t/:/g\" > outputfile`\n```", "```\n$ `mysql cookbook`\nmysql> `SELECT * FROM limbs WHERE legs=0;`\n+------------+------+------+\n| thing      | legs | arms |\n+------------+------+------+\n| squid      |    0 |   10 |\n| fish       |    0 |    0 |\n| phonograph |    0 |    1 |\n+------------+------+------+\n3 rows in set (0.00 sec)\n```", "```\n$ `echo \"SELECT * FROM limbs WHERE legs=0\" | mysql cookbook`\nthing   legs    arms\nsquid   0       10\nfish    0       0\nphonograph      0       1\n```", "```\n$ `mysql cookbook <` *`inputfile`* `| sed -e \"s/table/XXXXX/g\"` \n```", "```\n$ `mysql cookbook -e \"SELECT * FROM limbs where legs=4\" |` ↩\n        `sed -e \"s/table/XXXXX/g\"`\n thing legs arms \n XXXXX 4 0 \n armchair 4 2\n```", "```\n$ `mysql cookbook -t -e \"SELECT * FROM limbs where legs=4\" |` ↩\n        `sed -e \"s/table/XXXXX/g\"`\n\n+----------+------+------+\n| thing    | legs | arms |\n+----------+------+------+\n| XXXXX    |    4 |    0 |\n| armchair |    4 |    2 |\n+----------+------+------+\n```", "```\n$ `mysql -H -e \"SELECT * FROM limbs WHERE legs=0\" cookbook`\n<TABLE BORDER=1>\n<TR><TH>thing</TH><TH>legs</TH><TH>arms</TH></TR>\n<TR><TD>squid</TD><TD>0</TD><TD>10</TD></TR>\n<TR><TD>fish</TD><TD>0</TD><TD>0</TD></TR>\n<TR><TD>phonograph</TD><TD>0</TD><TD>1</TD></TR>\n</TABLE>\n```", "```\n$ `mysql -H -e \"SELECT * FROM limbs WHERE legs=0\" cookbook > limbs.html`\n$ `open -a safari limbs.html`\n```", "```\n$ `mysql -X -e \"SELECT * FROM limbs WHERE legs=0\" cookbook`\n<?xml version=\"1.0\"?>\n\n<resultset statement=\"select * from limbs where legs=0\n\">\n  <row>\n    <field name=\"thing\">squid</field>\n    <field name=\"legs\">0</field>\n    <field name=\"arms\">10</field>\n  </row>\n\n  <row>\n    <field name=\"thing\">fish</field>\n    <field name=\"legs\">0</field>\n    <field name=\"arms\">0</field>\n  </row>\n\n  <row>\n    <field name=\"thing\">phonograph</field>\n    <field name=\"legs\">0</field>\n    <field name=\"arms\">1</field>\n  </row>\n</resultset>\n```", "```\n$ `mysql --skip-column-names -e \"SELECT arms FROM limbs\" cookbook | summarize`\n```", "```\n$ `mysql -ss -e \"SELECT arms FROM limbs\" cookbook | summarize`\n```", "```\n$ `mysql cookbook <` *`inputfile`*  `| sed -e \"s/`*`TAB`*`/:/g\" >` *`outputfile`*\n$ `mysql cookbook <` *`inputfile`*  `| tr \"`*`TAB`*`\" \":\" >` *`outputfile`*\n$ `mysql cookbook <` *`inputfile`*  `| tr \"\\011\" \":\" >` *`outputfile`*\n```", "```\n$ `mysql cookbook <` *`inputfile`* `\\`\n    `| sed -e 's/\"/\"\"/g' -e 's/`*`TAB`*`/\",\"/g' -e 's/^/\"/' -e 's/$/\"/' >` *`outputfile`*\n```", "```\n#!/usr/bin/perl\n# csv.pl: convert tab-delimited input to comma-separated values output\nwhile (<>)        # read next input line\n{\n  s/\"/\"\"/g;       # double quotes within column values\n  s/\\t/\",\"/g;     # put \",\" between column values\n  s/^/\"/;         # add \" before the first value\n  s/$/\"/;         # add \" after the last value\n  print;          # print the result\n}\n```", "```\n$ `mysql cookbook <` *`inputfile`*  `| perl csv.pl >` *`outputfile`*\n```", "```\n$ `echo \"SELECT NOW()\" | mysql`\n$ `echo \"SELECT NOW()\" | mysql -v`\n$ `echo \"SELECT NOW()\" | mysql -vv`\n$ `echo \"SELECT NOW()\" | mysql -vvv`\n```", "```\nmysql> `SELECT MAX(arms+legs) INTO @max_limbs FROM limbs;`\nQuery OK, 1 row affected (0,01 sec)\nmysql> `SELECT * FROM limbs WHERE arms+legs = @max_limbs;`\n+-----------+------+------+\n| thing     | legs | arms |\n+-----------+------+------+\n| centipede |   99 |    0 |\n+-----------+------+------+\n```", "```\nmysql> `SELECT @last_id := LAST_INSERT_ID();`\n```", "```\nmysql> `SELECT thing FROM limbs WHERE legs = 0;`\n+------------+\n| thing      |\n+------------+\n| squid      |\n| fish       |\n| phonograph |\n+------------+\n3 rows in set (0,00 sec)\n\nmysql> `SELECT thing INTO @name FROM limbs WHERE legs = 0;`\nERROR 1172 (42000): Result consisted of more than one row\nmysql> `SELECT @name;`\n+-------+\n| @name |\n+-------+\n| squid |\n+-------+\n```", "```\nmysql> `SELECT thing INTO @name2 FROM limbs WHERE legs < 0;`\nQuery OK, 0 rows affected, 1 warning (0,00 sec)\n\nmysql> `SHOW WARNINGS;`\n+---------+------+-----------------------------------------------------+\n| Level   | Code | Message                                             |\n+---------+------+-----------------------------------------------------+\n| Warning | 1329 | No data - zero rows fetched, selected, or processed |\n+---------+------+-----------------------------------------------------+\n1 row in set (0,00 sec)\n\nmysql> `select @name2;`\n+--------+\n| @name2 |\n+--------+\n| NULL   |\n+--------+\n1 row in set (0,00 sec)\n```", "```\nmysql> `SET @sum = 4 + 7;`\nmysql> `SELECT @sum;`\n+------+\n| @sum |\n+------+\n|   11 |\n+------+\n```", "```\nmysql> `SET @max_limbs = (SELECT MAX(arms+legs) FROM limbs);`\n```", "```\nmysql> `SET @x = 1, @X = 2; SELECT @x, @X;`\n+------+------+\n| @x   | @X   |\n+------+------+\n| 2    | 2    |\n+------+------+\n```", "```\nmysql> `SET @tbl_name = CONCAT('tmp_tbl_', CONNECTION_ID());`\nmysql> `CREATE TABLE @tbl_name (int_col INT);`\nERROR 1064 (42000): You have an error in your SQL syntax; ↩\ncheck the manual that corresponds to your MySQL server version for ↩\nthe right syntax to use near '@tbl_name (int_col INT)' at line 1\n```", "```\n$ `mysql --prompt=\"MySQL Cookbook> \"`\nMySQL Cookbook>\n```", "```\nmysql> `prompt MySQL Cookbook>` \nPROMPT set to 'MySQL Cookbook> '\nMySQL Cookbook>\n```", "```\nmysql> `\\R MySQL Cookbook>` \nPROMPT set to 'MySQL Cookbook> '\nMySQL Cookbook>\n```", "```\n[mysql]\nprompt=\"MySQL Cookbook> \"\n```", "```\n$ `export MYSQL_PS1=\"MySQL Cookbook> \"`\n$ `mysql`\nMySQL Cookbook>\n```", "```\nMySQL Cookbook> `prompt`\nReturning to default PROMPT of mysql> \nmysql>\n```", "```\nmysql> `prompt \\U>` \nPROMPT set to '\\U> '\ncbuser@localhost>\n```", "```\nmysql> `\\R \\h>` \nPROMPT set to '\\h> '\nDelly-7390>\n```", "```\nmysql> `\\R \\d>` \nPROMPT set to '\\d> '\n(none)> `use cookbook`\nDatabase changed\ncookbook>\n```", "```\nmysql> `prompt \\R:\\m:\\s>` \nPROMPT set to '\\R:\\m:\\s> '\n15:30:10>\n15:30:10> `prompt \\D>` \nPROMPT set to '\\D> '\nSat Sep 19 15:31:19 2020>\n```", "```\nmysql> `prompt \\u@\\h [ߓᜤ] (ߕᜒ:\\m:\\s)>` \nPROMPT set to '\\u@\\h [ߓᜤ] (ߕᜒ:\\m:\\s)> '\ncbuser@Delly-7390 [ߓᣯokbook] (ߕᱶ:15:41)>\n```", "```\nmysql> `system openssl rand -base64 16`\np1+iSG9rveeKc6v0+lFUHA==\n```", "```\nmysql> `\\! pwgen -synBC 16 1`\nNu=3dWvrH7o_tWiE\n```", "```\nmysql> `select @@datadir;`\n+-----------------+\n| @@datadir       |\n+-----------------+\n| /var/lib/mysql/ |\n+-----------------+\n1 row in set (0,00 sec)\n\nmysql> `system ls /var/lib/mysql/`\nls: cannot open directory '/var/lib/mysql/': Permission denied\nmysql> `\\! id`\nuid=1000(sveta) gid=1000(sveta) groups=1000(sveta)\n```", "```\nmysql> `SELECT * FROM sys.memory_global_total;`\n+-----------------+\n| total_allocated |\n+-----------------+\n| 253.90 MiB      |\n+-----------------+\n1 row in set (0.00 sec)\n\nmysql> ``\\! ps -o rss hp `pidof mysqld` | awk '{print $1/1024}'``\n298.66\n```", "```\nmysql> `pager less -F -X`\nPAGER set to 'less -F -X'\nmysql> `SELECT * FROM city;`\n+----------------+----------------+----------------+\n| state          | capital        | largest        |\n+----------------+----------------+----------------+\n| Alabama        | Montgomery     | Birmingham     |\n| Alaska         | Juneau         | Anchorage      |\n| Arizona        | Phoenix        | Phoenix        |\n| Arkansas       | Little Rock    | Little Rock    |\n| California     | Sacramento     | Los Angeles    |\n| Colorado       | Denver         | Denver         |\n| Connecticut    | Hartford       | Bridgeport     |\n| Delaware       | Dover          | Wilmington     |\n| Florida        | Tallahassee    | Jacksonville   |\n| Georgia        | Atlanta        | Atlanta        |\n| Hawaii         | Honolulu       | Honolulu       |\n| Idaho          | Boise          | Boise          |\n| Illinois       | Springfield    | Chicago        |\n| Indiana        | Indianapolis   | Indianapolis   |\n| Iowa           | Des Moines     | Des Moines     |\n| Kansas         | Topeka         | Wichita        |\n| Kentucky       | Frankfort      | Louisville     |\n:\nmysql> `SELECT * FROM movies;`\n+----+------+----------------------------+\n| id | year | movie                      |\n+----+------+----------------------------+\n|  1 | 1997 | The Fifth Element          |\n|  2 | 1999 | The Phantom Menace         |\n|  3 | 2001 | The Fellowship of the Ring |\n|  4 | 2005 | Kingdom of Heaven          |\n|  5 | 2010 | Red                        |\n|  6 | 2011 | Unknown                    |\n+----+------+----------------------------+\n6 rows in set (0,00 sec)\n```", "```\nmysql> `\\P grep \"History list length\"`\nPAGER set to 'grep \"History list length\"'\nmysql> `SHOW ENGINE INNODB STATUS\\G`\nHistory list length 30\n1 row in set (0,00 sec)\n\nmysql> `SELECT SLEEP(60);`\n1 row in set (1 min 0,00 sec)\n\nmysql> `SHOW ENGINE INNODB STATUS\\G`\nHistory list length 37\n1 row in set (0,00 sec)\n\nmysql> `nopager`\nPAGER set to stdout\n```", "```\nmysql> `pager md5sum`\nPAGER set to 'md5sum'\nmysql> `SELECT 'Output of this statement is a hash';`\n8d83fa642dbf6a2b7922bcf83bc1d861  -\n1 row in set (0,00 sec)\n\nmysql> `pager cat > /dev/null`\nPAGER set to 'cat > /dev/null'\nmysql> `SELECT 'Output of this statement goes to nowhere';`\n1 row in set (0,00 sec)\n\nmysql> `pager`\nDefault pager wasn't set, using stdout.\nmysql> `SELECT 'Output of this statement is visible';`\n+-------------------------------------+\n| Output of this statement is visible |\n+-------------------------------------+\n| Output of this statement is visible |\n+-------------------------------------+\n1 row in set (0,00 sec)\n```", "```\nmysql> `\\P tr -d ' ' |` ↩\n`awk -F'|' '{print \"+\"$2\"+\\033[3m\"$3\"\\033[0m+\\033[1m\"$4\"\\033[0m\"$5\"+\"}' |` ↩\n`column -s '+' -t`\nPAGER set to 'tr -d ' ' | ↩\nawk -F'|' '{print \"+\"$2\"+\\033[3m\"$3\"\\033[0m+\\033[1m\"$4\"\\033[0m\"$5\"+\"}' | ↩\ncolumn -s '+' -t'\nmysql> `select * from limbs;`\n\nthing       *legs*  arms\n\nhuman       *2*     2\ninsect      *6*     0\nsquid       *0*     10\nfish        *0*     0\ncentipede   *99*    0\ntable       *4*     0\narmchair    *4*     2\nphonograph  *0*     1\ntripod      *3*     0\nPegLegPete  *1*     2\nspacealien  *NULL*  NULL\n\n11 rows in set (0,00 sec)\n```"]