["```\nmysql> `SELECT * FROM driver_log;`\n+--------+-------+------------+-------+\n| rec_id | name  | trav_date  | miles |\n+--------+-------+------------+-------+\n|      1 | Ben   | 2014-07-30 |   152 |\n|      2 | Suzi  | 2014-07-29 |   391 |\n|      3 | Henry | 2014-07-29 |   300 |\n|      4 | Henry | 2014-07-27 |    96 |\n|      5 | Ben   | 2014-07-29 |   131 |\n|      6 | Henry | 2014-07-26 |   115 |\n|      7 | Suzi  | 2014-08-02 |   502 |\n|      8 | Henry | 2014-08-01 |   197 |\n|      9 | Ben   | 2014-08-02 |    79 |\n|     10 | Henry | 2014-07-30 |   203 |\n+--------+-------+------------+-------+\n```", "```\nmysql> `SELECT t, srcuser, srchost, dstuser, dsthost, size FROM mail;`\n+---------------------+---------+---------+---------+---------+---------+\n| t                   | srcuser | srchost | dstuser | dsthost | size    |\n+---------------------+---------+---------+---------+---------+---------+\n| 2014-05-11 10:15:08 | barb    | saturn  | tricia  | mars    |   58274 |\n| 2014-05-12 12:48:13 | tricia  | mars    | gene    | venus   |  194925 |\n| 2014-05-12 15:02:49 | phil    | mars    | phil    | saturn  |    1048 |\n| 2014-05-12 18:59:18 | barb    | saturn  | tricia  | venus   |     271 |\n| 2014-05-14 09:31:37 | gene    | venus   | barb    | mars    |    2291 |\n| 2014-05-14 11:52:17 | phil    | mars    | tricia  | saturn  |    5781 |\n| 2014-05-14 14:42:21 | barb    | venus   | barb    | venus   |   98151 |\n| 2014-05-14 17:03:01 | tricia  | saturn  | phil    | venus   | 2394482 |\n| 2014-05-15 07:17:48 | gene    | mars    | gene    | saturn  |    3824 |\n| 2014-05-15 08:50:57 | phil    | venus   | phil    | venus   |     978 |\n| 2014-05-15 10:25:52 | gene    | mars    | tricia  | saturn  |  998532 |\n| 2014-05-15 17:35:31 | gene    | saturn  | gene    | mars    |    3856 |\n| 2014-05-16 09:00:28 | gene    | venus   | barb    | mars    |     613 |\n| 2014-05-16 23:04:19 | phil    | venus   | barb    | venus   |   10294 |\n| 2014-05-19 12:49:23 | phil    | mars    | tricia  | saturn  |     873 |\n| 2014-05-19 22:21:51 | gene    | saturn  | gene    | venus   |   23992 |\n+---------------------+---------+---------+---------+---------+---------+\n```", "```\nmysql> `SELECT * FROM driver_log ORDER BY name;`\n+--------+-------+------------+-------+\n| rec_id | name  | trav_date  | miles |\n+--------+-------+------------+-------+\n|      1 | Ben   | 2014-07-30 |   152 |\n|      9 | Ben   | 2014-08-02 |    79 |\n|      5 | Ben   | 2014-07-29 |   131 |\n|      8 | Henry | 2014-08-01 |   197 |\n|      6 | Henry | 2014-07-26 |   115 |\n|      4 | Henry | 2014-07-27 |    96 |\n|      3 | Henry | 2014-07-29 |   300 |\n|     10 | Henry | 2014-07-30 |   203 |\n|      7 | Suzi  | 2014-08-02 |   502 |\n|      2 | Suzi  | 2014-07-29 |   391 |\n+--------+-------+------------+-------+\n```", "```\nSELECT * FROM driver_log ORDER BY name ASC;\n```", "```\nmysql> `SELECT * FROM driver_log ORDER BY name DESC;`\n+--------+-------+------------+-------+\n| rec_id | name  | trav_date  | miles |\n+--------+-------+------------+-------+\n|      2 | Suzi  | 2014-07-29 |   391 |\n|      7 | Suzi  | 2014-08-02 |   502 |\n|     10 | Henry | 2014-07-30 |   203 |\n|      8 | Henry | 2014-08-01 |   197 |\n|      6 | Henry | 2014-07-26 |   115 |\n|      4 | Henry | 2014-07-27 |    96 |\n|      3 | Henry | 2014-07-29 |   300 |\n|      5 | Ben   | 2014-07-29 |   131 |\n|      9 | Ben   | 2014-08-02 |    79 |\n|      1 | Ben   | 2014-07-30 |   152 |\n+--------+-------+------------+-------+\n```", "```\nmysql> `SELECT * FROM driver_log ORDER BY name, trav_date;`\n+--------+-------+------------+-------+\n| rec_id | name  | trav_date  | miles |\n+--------+-------+------------+-------+\n|      5 | Ben   | 2014-07-29 |   131 |\n|      1 | Ben   | 2014-07-30 |   152 |\n|      9 | Ben   | 2014-08-02 |    79 |\n|      6 | Henry | 2014-07-26 |   115 |\n|      4 | Henry | 2014-07-27 |    96 |\n|      3 | Henry | 2014-07-29 |   300 |\n|     10 | Henry | 2014-07-30 |   203 |\n|      8 | Henry | 2014-08-01 |   197 |\n|      2 | Suzi  | 2014-07-29 |   391 |\n|      7 | Suzi  | 2014-08-02 |   502 |\n+--------+-------+------------+-------+\n```", "```\nmysql> `SELECT * FROM driver_log ORDER BY name DESC, trav_date;`\n+--------+-------+------------+-------+\n| rec_id | name  | trav_date  | miles |\n+--------+-------+------------+-------+\n|      2 | Suzi  | 2014-07-29 |   391 |\n|      7 | Suzi  | 2014-08-02 |   502 |\n|      6 | Henry | 2014-07-26 |   115 |\n|      4 | Henry | 2014-07-27 |    96 |\n|      3 | Henry | 2014-07-29 |   300 |\n|     10 | Henry | 2014-07-30 |   203 |\n|      8 | Henry | 2014-08-01 |   197 |\n|      5 | Ben   | 2014-07-29 |   131 |\n|      1 | Ben   | 2014-07-30 |   152 |\n|      9 | Ben   | 2014-08-02 |    79 |\n+--------+-------+------------+-------+\n```", "```\nmysql> `SELECT name, trav_date, miles AS distance FROM driver_log`\n    -> `ORDER BY distance;`\n+-------+------------+----------+\n| name  | trav_date  | distance |\n+-------+------------+----------+\n| Ben   | 2014-08-02 |       79 |\n| Henry | 2014-07-27 |       96 |\n| Henry | 2014-07-26 |      115 |\n| Ben   | 2014-07-29 |      131 |\n| Ben   | 2014-07-30 |      152 |\n| Henry | 2014-08-01 |      197 |\n| Henry | 2014-07-30 |      203 |\n| Henry | 2014-07-29 |      300 |\n| Suzi  | 2014-07-29 |      391 |\n| Suzi  | 2014-08-02 |      502 |\n+-------+------------+----------+\n```", "```\nmysql> `SELECT t, srcuser, srchost, dstuser, dsthost, size FROM mail;`\n+---------------------+---------+---------+---------+---------+---------+\n| t                   | srcuser | srchost | dstuser | dsthost | size    |\n+---------------------+---------+---------+---------+---------+---------+\n| 2014-05-11 10:15:08 | barb    | saturn  | tricia  | mars    |   58274 |\n| 2014-05-12 12:48:13 | tricia  | mars    | gene    | venus   |  194925 |\n| 2014-05-12 15:02:49 | phil    | mars    | phil    | saturn  |    1048 |\n| 2014-05-12 18:59:18 | barb    | saturn  | tricia  | venus   |     271 |\n…\n```", "```\nFLOOR((size+1023)/1024)\n```", "```\nmysql> `SELECT t, srcuser, FLOOR((size+1023)/1024)`\n    -> `FROM mail WHERE size > 50000`\n    -> `ORDER BY FLOOR((size+1023)/1024);`\n+---------------------+---------+-------------------------+\n| t                   | srcuser | FLOOR((size+1023)/1024) |\n+---------------------+---------+-------------------------+\n| 2014-05-11 10:15:08 | barb    |                      57 |\n| 2014-05-14 14:42:21 | barb    |                      96 |\n| 2014-05-12 12:48:13 | tricia  |                     191 |\n| 2014-05-15 10:25:52 | gene    |                     976 |\n| 2014-05-14 17:03:01 | tricia  |                    2339 |\n+---------------------+---------+-------------------------+\n```", "```\nmysql> `SELECT t, srcuser, FLOOR((size+1023)/1024) AS kilobytes`\n    -> `FROM mail WHERE size > 50000`\n    -> `ORDER BY kilobytes;`\n+---------------------+---------+-----------+\n| t                   | srcuser | kilobytes |\n+---------------------+---------+-----------+\n| 2014-05-11 10:15:08 | barb    |        57 |\n| 2014-05-14 14:42:21 | barb    |        96 |\n| 2014-05-12 12:48:13 | tricia  |       191 |\n| 2014-05-15 10:25:52 | gene    |       976 |\n| 2014-05-14 17:03:01 | tricia  |      2339 |\n+---------------------+---------+-----------+\n```", "```\nCONCAT(FLOOR((size+1023)/1024),'K')\n```", "```\nmysql> `SELECT t, srcuser,`\n    -> `CONCAT(FLOOR((size+1023)/1024),'K') AS size_in_K`\n    -> `FROM mail WHERE size > 50000`\n    -> `ORDER BY size_in_K;`\n+---------------------+---------+-----------+\n| t                   | srcuser | size_in_K |\n+---------------------+---------+-----------+\n| 2014-05-12 12:48:13 | tricia  | 191K      |\n| 2014-05-14 17:03:01 | tricia  | 2339K     |\n| 2014-05-11 10:15:08 | barb    | 57K       |\n| 2014-05-14 14:42:21 | barb    | 96K       |\n| 2014-05-15 10:25:52 | gene    | 976K      |\n+---------------------+---------+-----------+\n```", "```\nmysql> `SELECT t, srcuser,`\n    -> `CONCAT(FLOOR((size+1023)/1024),'K') AS size_in_K`\n    -> `FROM mail WHERE size > 50000`\n    -> `ORDER BY size;`\n+---------------------+---------+-----------+\n| t                   | srcuser | size_in_K |\n+---------------------+---------+-----------+\n| 2014-05-11 10:15:08 | barb    | 57K       |\n| 2014-05-14 14:42:21 | barb    | 96K       |\n| 2014-05-12 12:48:13 | tricia  | 191K      |\n| 2014-05-15 10:25:52 | gene    | 976K      |\n| 2014-05-14 17:03:01 | tricia  | 2339K     |\n+---------------------+---------+-----------+\n```", "```\nCREATE TABLE roster\n(\n  name        CHAR(30),   # player name\n  jersey_num  CHAR(3),     # jersey number\n  PRIMARY KEY(name)\n);\n```", "```\nmysql> `SELECT name, jersey_num FROM roster;`\n+-----------+------------+\n| name      | jersey_num |\n+-----------+------------+\n| Lynne     | 29         |\n| Ella      | 0          |\n| Elizabeth | 100        |\n| Nancy     | 00         |\n| Jean      | 8          |\n| Sherry    | 47         |\n+-----------+------------+\n```", "```\nmysql> `SELECT name, jersey_num FROM roster ORDER BY jersey_num;`\n+-----------+------------+\n| name      | jersey_num |\n+-----------+------------+\n| Ella      | 0          |\n| Nancy     | 00         |\n| Elizabeth | 100        |\n| Lynne     | 29         |\n| Sherry    | 47         |\n| Jean      | 8          |\n+-----------+------------+\n```", "```\nmysql> `SELECT name, jersey_num FROM roster ORDER BY jersey_num+0;`\n+-----------+------------+\n| name      | jersey_num |\n+-----------+------------+\n| Ella      | 0          |\n| Nancy     | 00         |\n| Jean      | 8          |\n| Lynne     | 29         |\n| Sherry    | 47         |\n| Elizabeth | 100        |\n+-----------+------------+\n```", "```\nCONCAT(srcuser,'@',srchost)\n```", "```\nmysql> `SELECT t, CONCAT(srcuser,'@',srchost) AS sender, size`\n    -> `FROM mail WHERE size > 50000`\n    -> `ORDER BY srchost, srcuser;`\n+---------------------+---------------+---------+\n| t                   | sender        | size    |\n+---------------------+---------------+---------+\n| 2014-05-15 10:25:52 | gene@mars     |  998532 |\n| 2014-05-12 12:48:13 | tricia@mars   |  194925 |\n| 2014-05-11 10:15:08 | barb@saturn   |   58274 |\n| 2014-05-14 17:03:01 | tricia@saturn | 2394482 |\n| 2014-05-14 14:42:21 | barb@venus    |   98151 |\n+---------------------+---------------+---------+\n```", "```\nmysql> `SELECT last_name, first_name FROM name`\n    -> `ORDER BY last_name, first_name;`\n+-----------+------------+\n| last_name | first_name |\n+-----------+------------+\n| Blue      | Vida       |\n| Brown     | Kevin      |\n| Gray      | Pete       |\n| White     | Devon      |\n| White     | Rondell    |\n+-----------+------------+\n```", "```\nSELECT CONCAT(first_name,' ',last_name) AS full_name FROM name ...\n```", "```\nmysql> `SELECT CONCAT(first_name,' ',last_name) AS full_name`\n    -> `FROM name`\n    -> `ORDER BY last_name, first_name;`\n+---------------+\n| full_name     |\n+---------------+\n| Vida Blue     |\n| Kevin Brown   |\n| Pete Gray     |\n| Devon White   |\n| Rondell White |\n+---------------+\n```", "```\nCREATE TABLE str_val\n(\n  ci_str   CHAR(3) CHARACTER SET utf8mb4 COLLATE utf8mb4_0900_ai_ci,\n  cs_str   CHAR(3) CHARACTER SET utf8mb4 COLLATE utf8mb4_0900_as_cs,\n  bin_str  BINARY(3)\n);\n```", "```\n+--------+--------+---------+\n| ci_str | cs_str | bin_str |\n+--------+--------+---------+\n| AAA    | AAA    | AAA     |\n| aaa    | aaa    | aaa     |\n| bbb    | bbb    | bbb     |\n| BBB    | BBB    | BBB     |\n+--------+--------+---------+\n```", "```\nmysql> `select` `*` `from` `str_val``;`\n+--------+--------+------------------+ | ci_str | cs_str | bin_str          |\n+--------+--------+------------------+ | AAA    | AAA    | 0x414141         |\n| aaa    | aaa    | 0x616161         |\n| bbb    | bbb    | 0x626262         |\n| BBB    | BBB    | 0x424242         |\n+--------+--------+------------------+ 4 rows in set (0.00 sec)\n```", "```\n    mysql> `SELECT ci_str FROM str_val ORDER BY ci_str;`\n    +--------+\n    | ci_str |\n    +--------+\n    | AAA    |\n    | aaa    |\n    | bbb    |\n    | BBB    |\n    +--------+\n    ```", "```\n    mysql> `SELECT cs_str FROM str_val ORDER BY cs_str;`\n    +--------+\n    | cs_str |\n    +--------+\n    | aaa    |\n    | AAA    |\n    | bbb    |\n    | BBB    |\n    +--------+\n    ```", "```\n    mysql> `SELECT bin_str FROM str_val ORDER BY bin_str;`\n    +---------+\n    | bin_str |\n    +---------+\n    | AAA     |\n    | BBB     |\n    | aaa     |\n    | bbb     |\n    +---------+\n    ```", "```\n    mysql> `SELECT ci_str FROM str_val`\n        -> `ORDER BY ci_str COLLATE utf8mb4_0900_as_cs;`\n    +--------+\n    | ci_str |\n    +--------+\n    | aaa    |\n    | AAA    |\n    | bbb    |\n    | BBB    |\n    +--------+\n    ```", "```\n    mysql> `SELECT cs_str FROM str_val`\n        -> `ORDER BY cs_str COLLATE utf8mb4_0900_ai_ci;`\n    +--------+\n    | cs_str |\n    +--------+\n    | AAA    |\n    | aaa    |\n    | bbb    |\n    | BBB    |\n    +--------+\n    ```", "```\n    mysql> `SELECT cs_str FROM str_val`\n        -> `ORDER BY UPPER(cs_str);`\n    +--------+\n    | cs_str |\n    +--------+\n    | AAA    |\n    | aaa    |\n    | bbb    |\n    | BBB    |\n    +--------+\n    ```", "```\n    mysql> `SELECT bin_str FROM str_val`\n        -> `ORDER BY CONVERT(bin_str USING utf8mb4) COLLATE utf8mb4_0900_ai_ci;`\n    +---------+\n    | bin_str |\n    +---------+\n    | AAA     |\n    | aaa     |\n    | bbb     |\n    | BBB     |\n    +---------+\n    ```", "```\nmysql> `SELECT t, srcuser, srchost, dstuser, dsthost, size`\n    -> `FROM mail WHERE srcuser = 'phil';`\n+---------------------+---------+---------+---------+---------+-------+\n| t                   | srcuser | srchost | dstuser | dsthost | size  |\n+---------------------+---------+---------+---------+---------+-------+\n| 2014-05-12 15:02:49 | phil    | mars    | phil    | saturn  |  1048 |\n| 2014-05-14 11:52:17 | phil    | mars    | tricia  | saturn  |  5781 |\n| 2014-05-15 08:50:57 | phil    | venus   | phil    | venus   |   978 |\n| 2014-05-16 23:04:19 | phil    | venus   | barb    | venus   | 10294 |\n| 2014-05-19 12:49:23 | phil    | mars    | tricia  | saturn  |   873 |\n+---------------------+---------+---------+---------+---------+-------+\n```", "```\nmysql> `SELECT t, srcuser, srchost, dstuser, dsthost, size`\n    -> `FROM mail WHERE srcuser = 'phil' ORDER BY t DESC;`\n+---------------------+---------+---------+---------+---------+-------+\n| t                   | srcuser | srchost | dstuser | dsthost | size  |\n+---------------------+---------+---------+---------+---------+-------+\n| 2014-05-19 12:49:23 | phil    | mars    | tricia  | saturn  |   873 |\n| 2014-05-16 23:04:19 | phil    | venus   | barb    | venus   | 10294 |\n| 2014-05-15 08:50:57 | phil    | venus   | phil    | venus   |   978 |\n| 2014-05-14 11:52:17 | phil    | mars    | tricia  | saturn  |  5781 |\n| 2014-05-12 15:02:49 | phil    | mars    | phil    | saturn  |  1048 |\n+---------------------+---------+---------+---------+---------+-------+\n```", "```\nmysql> `SELECT t, srcuser, srchost, dstuser, dsthost, size FROM mail ORDER BY TIME(t);`\n+---------------------+---------+---------+---------+---------+---------+\n| t                   | srcuser | srchost | dstuser | dsthost | size    |\n+---------------------+---------+---------+---------+---------+---------+\n| 2014-05-15 07:17:48 | gene    | mars    | gene    | saturn  |    3824 |\n| 2014-05-15 08:50:57 | phil    | venus   | phil    | venus   |     978 |\n| 2014-05-16 09:00:28 | gene    | venus   | barb    | mars    |     613 |\n| 2014-05-14 09:31:37 | gene    | venus   | barb    | mars    |    2291 |\n| 2014-05-11 10:15:08 | barb    | saturn  | tricia  | mars    |   58274 |\n| 2014-05-15 10:25:52 | gene    | mars    | tricia  | saturn  |  998532 |\n| 2014-05-14 11:52:17 | phil    | mars    | tricia  | saturn  |    5781 |\n| 2014-05-12 12:48:13 | tricia  | mars    | gene    | venus   |  194925 |\n…\n```", "```\nmysql> `SELECT date, description FROM occasion ORDER BY date;`\n+------------+-------------------------------------+\n| date       | description                         |\n+------------+-------------------------------------+\n| 1215-06-15 | Signing of the Magna Carta          |\n| 1732-02-22 | George Washington's birthday        |\n| 1776-07-14 | Bastille Day                        |\n| 1789-07-04 | US Independence Day                 |\n| 1809-02-12 | Abraham Lincoln's birthday          |\n| 1919-06-28 | Signing of the Treaty of Versailles |\n| 1944-06-06 | D-Day at Normandy Beaches           |\n| 1957-10-04 | Sputnik launch date                 |\n| 1989-11-09 | Opening of the Berlin Wall          |\n+------------+-------------------------------------+\n```", "```\nmysql> `SELECT date, description FROM occasion`\n    -> `ORDER BY MONTH(date), DAYOFMONTH(date);`\n+------------+-------------------------------------+\n| date       | description                         |\n+------------+-------------------------------------+\n| 1809-02-12 | Abraham Lincoln's birthday          |\n| 1732-02-22 | George Washington's birthday        |\n| 1944-06-06 | D-Day at Normandy Beaches           |\n| 1215-06-15 | Signing of the Magna Carta          |\n| 1919-06-28 | Signing of the Treaty of Versailles |\n| 1789-07-04 | US Independence Day                 |\n| 1776-07-14 | Bastille Day                        |\n| 1957-10-04 | Sputnik launch date                 |\n| 1989-11-09 | Opening of the Berlin Wall          |\n+------------+-------------------------------------+\n```", "```\nmysql> `SELECT DAYOFYEAR('1996-02-29'), DAYOFYEAR('1997-03-01');`\n+-------------------------+-------------------------+\n| DAYOFYEAR('1996-02-29') | DAYOFYEAR('1997-03-01') |\n+-------------------------+-------------------------+\n|                      60 |                      60 |\n+-------------------------+-------------------------+\n```", "```\nmysql> `SELECT DAYNAME(date) AS day, date, description`\n    -> `FROM occasion`\n    -> `ORDER BY DAYOFWEEK(date);`\n+----------+------------+-------------------------------------+\n| day      | date       | description                         |\n+----------+------------+-------------------------------------+\n| Sunday   | 1776-07-14 | Bastille Day                        |\n| Sunday   | 1809-02-12 | Abraham Lincoln's birthday          |\n| Monday   | 1215-06-15 | Signing of the Magna Carta          |\n| Tuesday  | 1944-06-06 | D-Day at Normandy Beaches           |\n| Thursday | 1989-11-09 | Opening of the Berlin Wall          |\n| Friday   | 1957-10-04 | Sputnik launch date                 |\n| Friday   | 1732-02-22 | George Washington's birthday        |\n| Saturday | 1789-07-04 | US Independence Day                 |\n| Saturday | 1919-06-28 | Signing of the Treaty of Versailles |\n+----------+------------+-------------------------------------+\n```", "```\nmysql> `SELECT DAYNAME(date), date, description`\n    -> `FROM occasion`\n    -> `ORDER BY MOD(DAYOFWEEK(date)+5, 7);`\n+---------------+------------+-------------------------------------+\n| DAYNAME(date) | date       | description                         |\n+---------------+------------+-------------------------------------+\n| Monday        | 1215-06-15 | Signing of the Magna Carta          |\n| Tuesday       | 1944-06-06 | D-Day at Normandy Beaches           |\n| Thursday      | 1989-11-09 | Opening of the Berlin Wall          |\n| Friday        | 1957-10-04 | Sputnik launch date                 |\n| Friday        | 1732-02-22 | George Washington's birthday        |\n| Saturday      | 1789-07-04 | US Independence Day                 |\n| Saturday      | 1919-06-28 | Signing of the Treaty of Versailles |\n| Sunday        | 1776-07-14 | Bastille Day                        |\n| Sunday        | 1809-02-12 | Abraham Lincoln's birthday          |\n+---------------+------------+-------------------------------------+\n```", "```\nmysql> `SELECT * FROM housewares;`\n+------------+------------------+\n| id         | description      |\n+------------+------------------+\n| DIN40672US | dining table     |\n| KIT00372UK | garbage disposal |\n| KIT01729JP | microwave oven   |\n| BED00038SG | bedside lamp     |\n| BTH00485US | shower stall     |\n| BTH00415JP | lavatory         |\n+------------+------------------+\n```", "```\nmysql> `SELECT * FROM housewares ORDER BY id;`\n+------------+------------------+\n| id         | description      |\n+------------+------------------+\n| BED00038SG | bedside lamp     |\n| BTH00415JP | lavatory         |\n| BTH00485US | shower stall     |\n| DIN40672US | dining table     |\n| KIT00372UK | garbage disposal |\n| KIT01729JP | microwave oven   |\n+------------+------------------+\n```", "```\nmysql> `SELECT id,`\n    -> `LEFT(id,3) AS category,`\n    -> `MID(id,4,5) AS serial,`\n    -> `RIGHT(id,2) AS country`\n    -> `FROM housewares;`\n+------------+----------+--------+---------+\n| id         | category | serial | country |\n+------------+----------+--------+---------+\n| DIN40672US | DIN      | 40672  | US      |\n| KIT00372UK | KIT      | 00372  | UK      |\n| KIT01729JP | KIT      | 01729  | JP      |\n| BED00038SG | BED      | 00038  | SG      |\n| BTH00485US | BTH      | 00485  | US      |\n| BTH00415JP | BTH      | 00415  | JP      |\n+------------+----------+--------+---------+\n```", "```\nmysql> `SELECT * FROM housewares ORDER BY LEFT(id,3);`\n+------------+------------------+\n| id         | description      |\n+------------+------------------+\n| BED00038SG | bedside lamp     |\n| BTH00485US | shower stall     |\n| BTH00415JP | lavatory         |\n| DIN40672US | dining table     |\n| KIT00372UK | garbage disposal |\n| KIT01729JP | microwave oven   |\n+------------+------------------+\n```", "```\nmysql> `SELECT * FROM housewares ORDER BY MID(id,4,5);`\n+------------+------------------+\n| id         | description      |\n+------------+------------------+\n| BED00038SG | bedside lamp     |\n| KIT00372UK | garbage disposal |\n| BTH00415JP | lavatory         |\n| BTH00485US | shower stall     |\n| KIT01729JP | microwave oven   |\n| DIN40672US | dining table     |\n+------------+------------------+\n```", "```\nmysql> `SELECT * FROM housewares ORDER BY RIGHT(id,2), MID(id,4,5);`\n+------------+------------------+\n| id         | description      |\n+------------+------------------+\n| BTH00415JP | lavatory         |\n| KIT01729JP | microwave oven   |\n| BED00038SG | bedside lamp     |\n| KIT00372UK | garbage disposal |\n| BTH00485US | shower stall     |\n| DIN40672US | dining table     |\n+------------+------------------+\n```", "```\nCREATE TABLE `housewares2` (\n  `id` varchar(20) NOT NULL,\n  `category` varchar(3) GENERATED ALWAYS AS (left(`id`,3)) STORED,\n  `serial` char(5) GENERATED ALWAYS AS (substr(`id`,4,5)) STORED,\n  `country` varchar(2) GENERATED ALWAYS AS (right(`id`,2)) STORED,\n  `description` varchar(255) DEFAULT NULL,\n  PRIMARY KEY (`id`)\n);\n```", "```\nmysql> `SELECT category, serial, country, id`\n    -> `FROM housewares2 ORDER BY category, country, serial;`\n+----------+--------+---------+------------+\n| category | serial | country | id         |\n+----------+--------+---------+------------+\n| BED      |  00038 | SG      | BED00038SG |\n| BTH      |  00415 | JP      | BTH00415JP |\n| BTH      |  00485 | US      | BTH00485US |\n| DIN      |  40672 | US      | DIN40672US |\n| KIT      |  01729 | JP      | KIT01729JP |\n| KIT      |  00372 | UK      | KIT00372UK |\n+----------+--------+---------+------------+\n```", "```\nmysql> `SELECT * FROM housewares3;`\n+------------+------------------+\n| id         | description      |\n+------------+------------------+\n| DIN40672US | dining table     |\n| KIT372UK   | garbage disposal |\n| KIT1729JP  | microwave oven   |\n| BED38SG    | bedside lamp     |\n| BTH485US   | shower stall     |\n| BTH415JP   | lavatory         |\n+------------+------------------+\n```", "```\nmysql> `SELECT id, LEFT(SUBSTRING(id,4),CHAR_LENGTH(SUBSTRING(id,4)-2))`\n    -> `FROM housewares3;`\n+------------+------------------------------------------------------+\n| id         | LEFT(SUBSTRING(id,4),CHAR_LENGTH(SUBSTRING(id,4)-2)) |\n+------------+------------------------------------------------------+\n| DIN40672US | 40672                                                |\n| KIT372UK   | 372                                                  |\n| KIT1729JP  | 1729                                                 |\n| BED38SG    | 38                                                   |\n| BTH485US   | 485                                                  |\n| BTH415JP   | 415                                                  |\n+------------+------------------------------------------------------+\n```", "```\nmysql> `SELECT id, SUBSTRING(id,4), SUBSTRING(id,4,CHAR_LENGTH(id)-5)`\n    -> `FROM housewares3;`\n+------------+-----------------+-----------------------------------+\n| id         | SUBSTRING(id,4) | SUBSTRING(id,4,CHAR_LENGTH(id)-5) |\n+------------+-----------------+-----------------------------------+\n| DIN40672US | 40672US         | 40672                             |\n| KIT372UK   | 372UK           | 372                               |\n| KIT1729JP  | 1729JP          | 1729                              |\n| BED38SG    | 38SG            | 38                                |\n| BTH485US   | 485US           | 485                               |\n| BTH415JP   | 415JP           | 415                               |\n+------------+-----------------+-----------------------------------+\n```", "```\nmysql> `SELECT * FROM housewares3`\n    -> `ORDER BY SUBSTRING(id,4,CHAR_LENGTH(id)-5);`\n+------------+------------------+\n| id         | description      |\n+------------+------------------+\n| KIT1729JP  | microwave oven   |\n| KIT372UK   | garbage disposal |\n| BED38SG    | bedside lamp     |\n| DIN40672US | dining table     |\n| BTH415JP   | lavatory         |\n| BTH485US   | shower stall     |\n+------------+------------------+\n```", "```\nmysql> `SELECT * FROM housewares3`\n    -> `ORDER BY SUBSTRING(id,4,CHAR_LENGTH(id)-5)+0;`\n+------------+------------------+\n| id         | description      |\n+------------+------------------+\n| BED38SG    | bedside lamp     |\n| KIT372UK   | garbage disposal |\n| BTH415JP   | lavatory         |\n| BTH485US   | shower stall     |\n| KIT1729JP  | microwave oven   |\n| DIN40672US | dining table     |\n+------------+------------------+\n```", "```\nmysql> `SELECT * FROM housewares4;`\n+---------------+------------------+\n| id            | description      |\n+---------------+------------------+\n| 13-478-92-2   | dining table     |\n| 873-48-649-63 | garbage disposal |\n| 8-4-2-1       | microwave oven   |\n| 97-681-37-66  | bedside lamp     |\n| 27-48-534-2   | shower stall     |\n| 5764-56-89-72 | lavatory         |\n+---------------+------------------+\n```", "```\nSUBSTRING_INDEX('13-478-92-2','-',2)\n```", "```\nSUBSTRING_INDEX('13-478-92-2','-',-3)\n```", "```\nSUBSTRING_INDEX(SUBSTRING_INDEX(id,'-',1),'-',-1)\nSUBSTRING_INDEX(SUBSTRING_INDEX(id,'-',2),'-',-1)\nSUBSTRING_INDEX(SUBSTRING_INDEX(id,'-',3),'-',-1)\nSUBSTRING_INDEX(SUBSTRING_INDEX(id,'-',4),'-',-1)\n```", "```\nSUBSTRING_INDEX(id,'-',1)\n```", "```\nSUBSTRING_INDEX(SUBSTRING_INDEX(id,'-',-4),'-',1)\nSUBSTRING_INDEX(SUBSTRING_INDEX(id,'-',-3),'-',1)\nSUBSTRING_INDEX(SUBSTRING_INDEX(id,'-',-2),'-',1)\nSUBSTRING_INDEX(SUBSTRING_INDEX(id,'-',-1),'-',1)\n```", "```\nSUBSTRING_INDEX(id,'-',-1)\n```", "```\nmysql> `SELECT`\n    -> `id,`\n    -> `SUBSTRING_INDEX(SUBSTRING_INDEX(id,'-',2),'-',-1) AS segment2,`\n    -> `SUBSTRING_INDEX(SUBSTRING_INDEX(id,'-',4),'-',-1) AS segment4`\n    -> `FROM housewares4;`\n+---------------+----------+----------+\n| id            | segment2 | segment4 |\n+---------------+----------+----------+\n| 13-478-92-2   | 478      | 2        |\n| 873-48-649-63 | 48       | 63       |\n| 8-4-2-1       | 4        | 1        |\n| 97-681-37-66  | 681      | 66       |\n| 27-48-534-2   | 48       | 2        |\n| 5764-56-89-72 | 56       | 72       |\n+---------------+----------+----------+\n```", "```\nmysql> `SELECT * FROM housewares4`\n    -> `ORDER BY SUBSTRING_INDEX(SUBSTRING_INDEX(id,'-',2),'-',-1);`\n+---------------+------------------+\n| id            | description      |\n+---------------+------------------+\n| 8-4-2-1       | microwave oven   |\n| 13-478-92-2   | dining table     |\n| 873-48-649-63 | garbage disposal |\n| 27-48-534-2   | shower stall     |\n| 5764-56-89-72 | lavatory         |\n| 97-681-37-66  | bedside lamp     |\n+---------------+------------------+\nmysql> `SELECT * FROM housewares4`\n    -> `ORDER BY SUBSTRING_INDEX(SUBSTRING_INDEX(id,'-',2),'-',-1)+0;`\n+---------------+------------------+\n| id            | description      |\n+---------------+------------------+\n| 8-4-2-1       | microwave oven   |\n| 873-48-649-63 | garbage disposal |\n| 27-48-534-2   | shower stall     |\n| 5764-56-89-72 | lavatory         |\n| 13-478-92-2   | dining table     |\n| 97-681-37-66  | bedside lamp     |\n+---------------+------------------+\n```", "```\nmysql> `SELECT name FROM hostname ORDER BY name;`\n+--------------------+\n| name               |\n+--------------------+\n| dbi.perl.org       |\n| jakarta.apache.org |\n| lists.mysql.com    |\n| mysql.com          |\n| svn.php.net        |\n| www.kitebird.com   |\n+--------------------+\n```", "```\nSUBSTRING_INDEX(SUBSTRING_INDEX(name,'.',-3),'.',1)\nSUBSTRING_INDEX(SUBSTRING_INDEX(name,'.',-2),'.',1)\nSUBSTRING_INDEX(name,'.',-1)\n```", "```\nmysql> `SELECT name,`\n    -> `SUBSTRING_INDEX(SUBSTRING_INDEX(name,'.',-3),'.',1) AS leftmost,`\n    -> `SUBSTRING_INDEX(SUBSTRING_INDEX(name,'.',-2),'.',1) AS middle,`\n    -> `SUBSTRING_INDEX(name,'.',-1) AS rightmost`\n    -> `FROM hostname;`\n+--------------------+----------+----------+-----------+\n| name               | leftmost | middle   | rightmost |\n+--------------------+----------+----------+-----------+\n| svn.php.net        | svn      | php      | net       |\n| dbi.perl.org       | dbi      | perl     | org       |\n| lists.mysql.com    | lists    | mysql    | com       |\n| mysql.com          | mysql    | mysql    | com       |\n| jakarta.apache.org | jakarta  | apache   | org       |\n| www.kitebird.com   | www      | kitebird | com       |\n+--------------------+----------+----------+-----------+\n```", "```\nmysql> `SELECT name,`\n    -> `SUBSTRING_INDEX(SUBSTRING_INDEX(CONCAT('..',name),'.',-3),'.',1)`\n    -> `AS leftmost,`\n    -> `SUBSTRING_INDEX(SUBSTRING_INDEX(CONCAT('.',name),'.',-2),'.',1)`\n    -> `AS middle,`\n    -> `SUBSTRING_INDEX(name,'.',-1) AS rightmost`\n    -> `FROM hostname;`\n+--------------------+----------+----------+-----------+\n| name               | leftmost | middle   | rightmost |\n+--------------------+----------+----------+-----------+\n| svn.php.net        | svn      | php      | net       |\n| dbi.perl.org       | dbi      | perl     | org       |\n| lists.mysql.com    | lists    | mysql    | com       |\n| mysql.com          |          | mysql    | com       |\n| jakarta.apache.org | jakarta  | apache   | org       |\n| www.kitebird.com   | www      | kitebird | com       |\n+--------------------+----------+----------+-----------+\n```", "```\nmysql> `SELECT name FROM hostname`\n    -> `ORDER BY`\n    -> `SUBSTRING_INDEX(name,'.',-1),`\n    -> `SUBSTRING_INDEX(SUBSTRING_INDEX(CONCAT('.',name),'.',-2),'.',1),`\n    -> `SUBSTRING_INDEX(SUBSTRING_INDEX(CONCAT('..',name),'.',-3),'.',1);`\n+--------------------+\n| name               |\n+--------------------+\n| www.kitebird.com   |\n| mysql.com          |\n| lists.mysql.com    |\n| svn.php.net        |\n| jakarta.apache.org |\n| dbi.perl.org       |\n+--------------------+\n```", "```\nmysql> `SELECT ip FROM hostip ORDER BY ip;`\n+-----------------+\n| ip              |\n+-----------------+\n| 127.0.0.1       |\n| 192.168.0.10    |\n| 192.168.0.2     |\n| 192.168.1.10    |\n| 192.168.1.2     |\n| 21.0.0.1        |\n| 255.255.255.255 |\n+-----------------+\n```", "```\nmysql> `SELECT ip FROM hostip`\n    -> `ORDER BY`\n    -> `SUBSTRING_INDEX(ip,'.',1)+0,`\n    -> `SUBSTRING_INDEX(SUBSTRING_INDEX(ip,'.',-3),'.',1)+0,`\n    -> `SUBSTRING_INDEX(SUBSTRING_INDEX(ip,'.',-2),'.',1)+0,`\n    -> `SUBSTRING_INDEX(ip,'.',-1)+0;`\n+-----------------+\n| ip              |\n+-----------------+\n| 21.0.0.1        |\n| 127.0.0.1       |\n| 192.168.0.2     |\n| 192.168.0.10    |\n| 192.168.1.2     |\n| 192.168.1.10    |\n| 255.255.255.255 |\n+-----------------+\n```", "```\nmysql> `SELECT ip FROM hostip ORDER BY INET_ATON(ip);`\n+-----------------+\n| ip              |\n+-----------------+\n| 21.0.0.1        |\n| 127.0.0.1       |\n| 192.168.0.2     |\n| 192.168.0.10    |\n| 192.168.1.2     |\n| 192.168.1.10    |\n| 255.255.255.255 |\n+-----------------+\n```", "```\nmysql> `SELECT ip, ip+0 FROM hostip;`\n+-----------------+---------+\n| ip              | ip+0    |\n+-----------------+---------+\n| 127.0.0.1       |     127 |\n| 192.168.0.2     | 192.168 |\n| 192.168.0.10    | 192.168 |\n| 192.168.1.2     | 192.168 |\n| 192.168.1.10    | 192.168 |\n| 255.255.255.255 | 255.255 |\n| 21.0.0.1        |      21 |\n+-----------------+---------+\n7 rows in set, 7 warnings (0.00 sec)\n```", "```\nmysql> `SELECT val FROM t;`\n+------+\n| val  |\n+------+\n|    3 |\n|  100 |\n| NULL |\n| NULL |\n|    9 |\n+------+\n```", "```\nmysql> `SELECT val FROM t ORDER BY val;`\n+------+\n| val  |\n+------+\n| NULL |\n| NULL |\n|    3 |\n|    9 |\n|  100 |\n+------+\n```", "```\nmysql> `SELECT val FROM t ORDER BY IF(val IS NULL,1,0), val;`\n+------+\n| val  |\n+------+\n|    3 |\n|    9 |\n|  100 |\n| NULL |\n| NULL |\n+------+\n```", "```\nIF(val IS NULL,0,1)\n```", "```\nmysql> `SELECT t, srcuser, dstuser, size`\n    -> `FROM mail`\n    -> `ORDER BY IF(srcuser='phil',0,1), srcuser, dstuser;`\n+---------------------+---------+---------+---------+\n| t                   | srcuser | dstuser | size    |\n+---------------------+---------+---------+---------+\n| 2014-05-16 23:04:19 | phil    | barb    |   10294 |\n| 2014-05-12 15:02:49 | phil    | phil    |    1048 |\n| 2014-05-15 08:50:57 | phil    | phil    |     978 |\n| 2014-05-14 11:52:17 | phil    | tricia  |    5781 |\n| 2014-05-19 12:49:23 | phil    | tricia  |     873 |\n| 2014-05-14 14:42:21 | barb    | barb    |   98151 |\n| 2014-05-11 10:15:08 | barb    | tricia  |   58274 |\n| 2014-05-12 18:59:18 | barb    | tricia  |     271 |\n| 2014-05-14 09:31:37 | gene    | barb    |    2291 |\n| 2014-05-16 09:00:28 | gene    | barb    |     613 |\n| 2014-05-15 17:35:31 | gene    | gene    |    3856 |\n| 2014-05-15 07:17:48 | gene    | gene    |    3824 |\n| 2014-05-19 22:21:51 | gene    | gene    |   23992 |\n| 2014-05-15 10:25:52 | gene    | tricia  |  998532 |\n| 2014-05-12 12:48:13 | tricia  | gene    |  194925 |\n| 2014-05-14 17:03:01 | tricia  | phil    | 2394482 |\n+---------------------+---------+---------+---------+\n```", "```\nmysql> `SELECT t, srcuser, dstuser, size`\n    -> `FROM mail`\n    -> `ORDER BY IF(srcuser=dstuser,0,1), srcuser, dstuser;`\n+---------------------+---------+---------+---------+\n| t                   | srcuser | dstuser | size    |\n+---------------------+---------+---------+---------+\n| 2014-05-14 14:42:21 | barb    | barb    |   98151 |\n| 2014-05-19 22:21:51 | gene    | gene    |   23992 |\n| 2014-05-15 17:35:31 | gene    | gene    |    3856 |\n| 2014-05-15 07:17:48 | gene    | gene    |    3824 |\n| 2014-05-12 15:02:49 | phil    | phil    |    1048 |\n...\n```", "```\nSELECT t, srcuser, dstuser, size\nFROM mail\nORDER BY IF(srcuser=dstuser,NULL,srcuser), dstuser;\n```", "```\nFIELD(*`value`*,*`str1`*,*`str2`*,*`str3`*,*`str4`*)\n```", "```\nmysql> `SELECT * FROM driver_log`\n    -> `ORDER BY FIELD(name,'Henry','Suzi','Ben');`\n+--------+-------+------------+-------+\n| rec_id | name  | trav_date  | miles |\n+--------+-------+------------+-------+\n|     10 | Henry | 2014-07-30 |   203 |\n|      8 | Henry | 2014-08-01 |   197 |\n|      6 | Henry | 2014-07-26 |   115 |\n|      4 | Henry | 2014-07-27 |    96 |\n|      3 | Henry | 2014-07-29 |   300 |\n|      7 | Suzi  | 2014-08-02 |   502 |\n|      2 | Suzi  | 2014-07-29 |   391 |\n|      5 | Ben   | 2014-07-29 |   131 |\n|      9 | Ben   | 2014-08-02 |    79 |\n|      1 | Ben   | 2014-07-30 |   152 |\n+--------+-------+------------+-------+\n```", "```\nCREATE TABLE weekday\n(\n  day ENUM('Sunday','Monday','Tuesday','Wednesday',\n           'Thursday','Friday','Saturday')\n);\n```", "```\nmysql> `INSERT INTO weekday (day) VALUES('Monday'),('Friday'),`\n    -> `('Tuesday'), ('Sunday'), ('Thursday'), ('Saturday'), ('Wednesday');`\n```", "```\nmysql> `SELECT day, day+0 FROM weekday;`\n+-----------+-------+\n| day       | day+0 |\n+-----------+-------+\n| Monday    |     2 |\n| Friday    |     6 |\n| Tuesday   |     3 |\n| Sunday    |     1 |\n| Thursday  |     5 |\n| Saturday  |     7 |\n| Wednesday |     4 |\n+-----------+-------+\n```", "```\nmysql> `SELECT day, day+0 FROM weekday ORDER BY day;`\n+-----------+-------+\n| day       | day+0 |\n+-----------+-------+\n| Sunday    |     1 |\n| Monday    |     2 |\n| Tuesday   |     3 |\n| Wednesday |     4 |\n| Thursday  |     5 |\n| Friday    |     6 |\n| Saturday  |     7 |\n+-----------+-------+\n```", "```\nmysql> `SELECT day, day+0 FROM weekday ORDER BY CAST(day AS CHAR);`\n+-----------+-------+\n| day       | day+0 |\n+-----------+-------+\n| Friday    |     6 |\n| Monday    |     2 |\n| Saturday  |     7 |\n| Sunday    |     1 |\n| Thursday  |     5 |\n| Tuesday   |     3 |\n| Wednesday |     4 |\n+-----------+-------+\n```", "```\nmysql> `CREATE TABLE color (name CHAR(10), PRIMARY KEY(name));`\nmysql> `INSERT INTO color (name) VALUES ('blue'),('green'),`\n    -> `('indigo'),('orange'),('red'),('violet'),('yellow');`\n```", "```\nmysql> `SELECT name FROM color ORDER BY name;`\n+--------+\n| name   |\n+--------+\n| blue   |\n| green  |\n| indigo |\n| orange |\n| red    |\n| violet |\n| yellow |\n+--------+\n```", "```\nmysql> `SELECT name FROM color`\n    -> `ORDER BY`\n    -> `FIELD(name,'red','orange','yellow','green','blue','indigo','violet');`\n+--------+\n| name   |\n+--------+\n| red    |\n| orange |\n| yellow |\n| green  |\n| blue   |\n| indigo |\n| violet |\n+--------+\n```", "```\nmysql> `ALTER TABLE color`\n    -> `MODIFY name`\n    -> `ENUM('red','orange','yellow','green','blue','indigo','violet');`\n```", "```\nmysql> `SELECT name FROM color ORDER BY name;`\n+--------+\n| name   |\n+--------+\n| red    |\n| orange |\n| yellow |\n| green  |\n| blue   |\n| indigo |\n| violet |\n+--------+\n```"]