["```\nSELECT * FROM customer;\n```", "```\nmysql> `CREATE` `TABLE` `` ` ```", "``` ` `` `(`\n  `` ` ```", "``` ` `` `varchar``(``25``)` `DEFAULT` `NULL``,`\n  `` ` ```", "``` ` `` `smallint` `DEFAULT` `NULL``,`\n  `` ` ```", "``` ` `` `int` `DEFAULT` `NULL``,`\n  `` ` ```", "``` ` `` `decimal``(``8``,``2``)` `DEFAULT` `NULL``,`\n  `` ` ```", "``` ` `` `decimal``(``8``,``2``)` `DEFAULT` `NULL``,`\n  `` ` ```", "``` ` `` `decimal``(``5``,``2``)` `DEFAULT` `NULL``,`\n  `` ` ```", "``` ` `` `decimal``(``5``,``2``)` `DEFAULT` `NULL``,`\n  `` ` ```", "``` ` `` `decimal``(``5``,``2``)` `DEFAULT` `NULL``,`\n  `` ` ```", "``` ` `` `decimal``(``5``,``2``)` `DEFAULT` `NULL``,`\n  `` ` ```", "``` ` `` `decimal``(``5``,``2``)` `DEFAULT` `NULL``,`\n  `` ` ```", "``` ` `` `decimal``(``5``,``2``)` `DEFAULT` `NULL`\n`)` `ENGINE``=``InnoDB` `DEFAULT` `CHARSET``=``utf8mb4` `COLLATE``=``utf8mb4_0900_ai_ci``;`\n```", "```\nmysql> `LOAD` `DATA` `LOCAL` `INFILE` `'Names_2010Census.csv'` `into` `table` `top_names` \n    -> `FIELDS` `TERMINATED` `BY` `','` `ENCLOSED` `BY` `'\"'` `LINES` `TERMINATED` `BY` `'\\n'``;`\nQuery OK, 162255 rows affected, 65535 warnings (0.93 sec)\nRecords: 162255  Deleted: 0  Skipped: 0  Warnings: 444813\n```", "```\nmysql> `SELECT` `names_id``,``top_name``,``name_rank` \n\t`-``>` `FROM` `top_names` `WHERE` `top_name` `=` `\"BROWN\"``;`\n+----------+----------+-----------+ | names_id | top_name | name_rank |\n+----------+----------+-----------+ |        5 | BROWN    |         4 |\n+----------+----------+-----------+ 1 row in set (0.04 sec)\n```", "```\nmysql> `EXPLAIN SELECT names_id,top_name,name_rank  \t-> FROM top_names WHERE top_name = \"BROWN\"\\G`\n*************************** 1\\. row ***************************\n           id: 1\n  select_type: SIMPLE\n        table: top_names\n   partitions: NULL\n         type: ALL\npossible_keys: NULL\n          key: NULL\n      key_len: NULL\n          ref: NULL\n         rows: 161533\n     filtered: 10.00\n        Extra: Using where\n1 row in set, 1 warning (0.01 sec)\n```", "```\nmysql> `CREATE` `INDEX` `idx_names` `ON` `top_names``(``top_name``)``;` \nQuery OK, 0 rows affected (0.28 sec)\nRecords: 0  Duplicates: 0  Warnings: 0\n```", "```\nmysql> `EXPLAIN` `SELECT` `names_id``,``top_name``,``name_rank` \n`-``>` `FROM` `top_names` `WHERE` `top_name` `=` `\"BROWN\"``\\``G`\n*************************** 1. row ***************************\n           id: 1\n  select_type: SIMPLE\n        table: top_names\n   partitions: NULL\n         type: ref\npossible_keys: idx_names\n          key: idx_names\n      key_len: 103\n          ref: const\n         rows: 1\n     filtered: 100.00\n        Extra: NULL\n1 row in set, 1 warning (0.00 sec)\n```", "```\nDROP INDEX index_name ON tbl_name;\n```", "```\nmysql> `` ALTER TABLE `top_names` `` \n    -> ``ADD COLUMN `names_id` int unsigned NOT NULL      -> AUTO_INCREMENT PRIMARY KEY FIRST;``\nQuery OK, 0 rows affected (0.44 sec)\nRecords: 0  Duplicates: 0  Warnings: 0\n```", "```\nmysql> `SELECT COUNT(names_id) FROM top_names;`\n+-----------------+\n| count(names_id) |\n+-----------------+\n|          162255 |\n+-----------------+\n1 row in set (0.04 sec)\n\nmysql> `EXPLAIN SELECT COUNT(names_id) FROM top_names\\G`\n*************************** 1\\. row ***************************\n           id: 1\n  select_type: SIMPLE\n        table: top_names\n   partitions: NULL\n         type: index\npossible_keys: NULL\n          key: idx_name_rank_count\n      key_len: 8\n          ref: NULL\n         rows: 161533\n     filtered: 100.00\n        Extra: Using index\n1 row in set, 1 warning (0.00 sec)\n```", "```\nmysql> `SHOW` `INDEXES` `FROM` `top_names` `\\``G`\n*************************** 1. row ***************************\n        Table: top_names\n   Non_unique: 0\n     Key_name: PRIMARY\n Seq_in_index: 1\n  Column_name: names_id\n    Collation: A\n  Cardinality: 161807\n     Sub_part: NULL\n       Packed: NULL\n         Null:\n   Index_type: BTREE\n      Comment:\nIndex_comment:\n      Visible: YES\n   Expression: NULL\n*************************** 2. row ***************************\n        Table: top_names\n   Non_unique: 1\n     Key_name: idx_names\n Seq_in_index: 1\n  Column_name: top_name\n    Collation: A\n  Cardinality: 161708\n     Sub_part: NULL\n       Packed: NULL\n         Null: YES\n   Index_type: BTREE\n      Comment:\nIndex_comment:\n      Visible: YES\n   Expression: NULL\n2 rows in set (0.00 sec)\n```", "```\nmysql> `SELECT` `COUNT``(``DISTINCT` `top_name``)``,` `COUNT``(``*``)` `FROM` `top_names``;`\n+--------------------------+----------+ | count(distinct top_name) | count(*) |\n+--------------------------+----------+ |                   162254 |   162254 |\n+--------------------------+----------+ 1 row in set (0,18 sec)\n```", "```\nmysql> `DROP` `INDEX` `idx_names` `ON` `top_names``;`\nQuery OK, 0 rows affected (0.02 sec)\nRecords: 0  Duplicates: 0  Warnings: 0\n```", "```\nALTER TABLE tbl_name DROP INDEX name;\n```", "```\nCREATE UNIQUE INDEX idx_names ON top_names(top_name);\n```", "```\nmysql> `ALTER TABLE top_names RENAME` \n    -> `INDEX idx_names to idx_top_name, ALGORITHM=INPLACE, LOCK=NONE;`\n```", "```\nmysql> `EXPLAIN` `SELECT` `name_rank``,``top_name``,``name_count` `FROM` `top_names` \n    -> `WHERE` `name_rank` `<` `10` `ORDER` `BY` `name_count``\\``G`\n      *************************** 1. row ***************************\n           id: 1\n  select_type: SIMPLE\n        table: top_names\n   partitions: NULL\n         type: ALL\npossible_keys: NULL\n          key: NULL\n      key_len: NULL\n          ref: NULL\n         rows: 161604\n     filtered: 33.33\n        Extra: Using where; Using filesort\n1 row in set, 1 warning (0.00 sec)\n```", "```\nmysql> `CREATE` `INDEX` `idx_name_rank` `ON` `top_names``(``name_rank``)``;`\n\tQuery OK, 0 rows affected (0.16 sec)\nRecords: 0  Duplicates: 0  Warnings: 0\n```", "```\nmysql> `EXPLAIN` `SELECT` `name_rank``,``top_name``,``name_count` `FROM` `top_names` \n    -> `WHERE` `name_rank` `<` `10` `ORDER` `BY` `name_count``\\``G`\n      *************************** 1. row ***************************\n           id: 1\n  select_type: SIMPLE\n        table: top_names\n   partitions: NULL\n         type: range\npossible_keys: idx_name_rank\n          key: idx_name_rank\n      key_len: 3\n          ref: NULL\n         rows: 11\n     filtered: 100.00\n        Extra: Using index condition; Using filesort\n1 row in set, 1 warning (0.00 sec)\n```", "```\nmysql> `SELECT` `name_rank``,``top_name``,``name_count` `FROM` `top_names` \n    -> `WHERE` `name_rank` `<` `10` `ORDER` `BY` `name_count``\\``G`\n```", "```\nmysql> `CREATE` `INDEX` `idx_name_rank_count` `ON` `top_names``(``name_count``,``name_rank``)``;`\nQuery OK, 0 rows affected (0.18 sec)\nRecords: 0  Duplicates: 0  Warnings: 0\n```", "```\nmysql> `EXPLAIN` `SELECT` `name_rank``,``top_name``,``name_count` `FROM` `top_names` \n    -> `WHERE` `name_rank` `<` `10` `ORDER` `BY` `name_count``\\``G`\n      *************************** 1. row ***************************\n           id: 1\n  select_type: SIMPLE\n        table: top_names\n   partitions: NULL\n         type: ALL\npossible_keys: NULL\n          key: NULL\n      key_len: NULL\n          ref: NULL\n         rows: 161604\n     filtered: 33.33\n        Extra: Using where; Using filesort\n1 row in set, 1 warning (0.00 sec)\n```", "```\nmysql> `DROP` `INDEX` `idx_name_rank_count` `ON` `top_names``;`\nQuery OK, 0 rows affected (0.01 sec)\nRecords: 0  Duplicates: 0  Warnings: 0\n```", "```\nmysql> `CREATE` `INDEX` `idx_name_rank_count` `ON` `top_names``(``name_rank``,``name_count``)``;`\nQuery OK, 0 rows affected (0.15 sec)\nRecords: 0  Duplicates: 0  Warnings: 0\n```", "```\nmysql> `EXPLAIN` `SELECT` `name_rank``,``top_name``,``name_count` `FROM` `top_names` \n    -> `WHERE` `name_rank` `<` `10` `ORDER` `BY` `name_count``\\``G`\n\t*************************** 1. row ***************************\n           id: 1\n  select_type: SIMPLE\n        table: top_names\n   partitions: NULL\n         type: range\npossible_keys: idx_name_rank_count\n          key: idx_name_rank_count\n      key_len: 3\n          ref: NULL\n         rows: 11\n     filtered: 100.00\n        Extra: Using index condition; Using filesort\n1 row in set, 1 warning (0.00 sec)\n```", "```\nCREATE INDEX idx_desc_01 ON top_names(top_name, prop100k ASC, cum_prop100K DESC);\n```", "```\nmysql> `SELECT` `top_name``,``prop100k``,``cum_prop100k` `FROM` `top_names` \n    -> `ORDER` `BY` `` ` ```", "``` ` ```", "``` ` ```", "``` ` ```", "``` ` ```", "``` ` `` `DESC` `LIMIT` `10``;`\n+----------+----------+--------------+ | top_name | prop100k | cum_prop100k |\n+----------+----------+--------------+ | NULL     |     2.43 |     60231.65 |\n| AAB      |     0.05 |     88770.96 |\n| AABERG   |     0.16 |     82003.18 |\n| AABY     |     0.07 |     86239.41 |\n| AADLAND  |     0.13 |     83329.35 |\n| AAFEDT   |     0.05 |     88567.34 |\n| AAGAARD  |     0.10 |     84574.52 |\n| AAGARD   |     0.12 |     83769.42 |\n| AAGESEN  |     0.06 |     87383.27 |\n| AAKER    |     0.12 |     83574.66 |\n+----------+----------+--------------+ 10 rows in set (0.00 sec)\n```", "```\nmysql> `EXPLAIN SELECT top_name,prop100k,cum_prop100k FROM top_names` \n    -> ``ORDER BY `top_name`,`prop100k`,`cum_prop100k` DESC LIMIT 10\\G``\n*************************** 1\\. row ***************************\n           id: 1\n  select_type: SIMPLE\n        table: top_names\n   partitions: NULL\n         type: index\npossible_keys: NULL\n          key: idx_desc_01\n      key_len: 113\n          ref: NULL\n         rows: 10\n     filtered: 100.00\n        Extra: Using index\n1 row in set, 1 warning (0.00 sec)\n```", "```\nmysql> `EXPLAIN` `SELECT` `*` `FROM` `top_names` `ORDER` `BY` `top_name` `ASC` `LIMIT` `10` `\\``G`\n*************************** 1. row ***************************\n           id: 1\n  select_type: SIMPLE\n        table: top_names\n   partitions: NULL\n         type: index\npossible_keys: NULL\n          key: idx_top_name\n      key_len: 103\n          ref: NULL\n         rows: 10\n     filtered: 100.00\n        Extra: NULL\n1 row in set, 1 warning (0.00 sec)\n```", "```\nmysql> `CREATE` `INDEX` `idx_desc_02` `ON` `top_names``(``top_name` `DESC``,` `prop100k``,` `cum_prop100K``)``;`\nQuery OK, 0 rows affected (0.38 sec)\nRecords: 0  Duplicates: 0  Warnings: 0\n\nmysql> `EXPLAIN` `SELECT` `*` `FROM` `top_names` `ORDER` `BY` `top_name` `DESC` `LIMIT` `10``\\``G`\n*************************** 1. row ***************************\n           id: 1\n  select_type: SIMPLE\n        table: top_names\n   partitions: NULL\n         type: index\npossible_keys: NULL\n          key: idx_desc_02\n      key_len: 113\n          ref: NULL\n         rows: 10\n     filtered: 100.00\n        Extra: NULL\n1 row in set, 1 warning (0.00 sec)\n```", "```\nmysql> `EXPLAIN` `SELECT` `top_name` `FROM` `top_names`\n    -> `ORDER` `BY` `top_name` `DESC``,``prop100k` `ASC` `LIMIT` `10` `\\``G`\n*************************** 1. row ***************************\n           id: 1\n  select_type: SIMPLE\n        table: top_names\n   partitions: NULL\n         type: index\npossible_keys: NULL\n          key: idx_desc_02\n      key_len: 113\n          ref: NULL\n         rows: 10\n     filtered: 100.00\n        Extra: Using index\n1 row in set, 1 warning (0.00 sec)\n```", "```\nmysql> `SELECT` `t``,` `srcuser``,` `srchost``,` `size``,` `ROUND``(``size``/``1024``)` `AS` `size_KB` \n    ->  `FROM` `mail` `WHERE` `ROUND``(``size``/``1024``)` `>` `100``;`\n+---------------------+---------+---------+---------+---------+ | t                   | srcuser | srchost | size    | size_KB |\n+---------------------+---------+---------+---------+---------+ | 2014-05-12 12:48:13 | tricia  | mars    |  194925 |     190 |\n| 2014-05-14 17:03:01 | tricia  | saturn  | 2394482 |    2338 |\n| 2014-05-15 10:25:52 | gene    | mars    |  998532 |     975 |\n+---------------------+---------+---------+---------+---------+ 3 rows in set (0.00 sec)\n```", "```\nCREATE INDEX *`index_name`* ON *`table_name`* ((*`expression`*));\n```", "```\nmysql> `CREATE` `INDEX` `size_KB` `ON` `mail` `(``(``ROUND``(``size``/``1024``)``)``)``;`\nQuery OK, 0 rows affected (0.02 sec)\nRecords: 0  Duplicates: 0  Warnings: 0\n\nmysql> `EXPLAIN` `SELECT` `t``,` `srcuser``,` `srchost``,` `size``,` `ROUND``(``size``/``1024``)` `AS` `size_KB` \n    ->  `FROM` `mail` `WHERE` `ROUND``(``size``/``1024``)` `>` `100``\\``G`\n*************************** 1. row ***************************\n           id: 1\n  select_type: SIMPLE\n        table: mail\n   partitions: NULL\n         type: ALL\npossible_keys: NULL\n          key: NULL\n      key_len: NULL\n          ref: NULL\n         rows: 16\n     filtered: 100.00\n        Extra: Using where\n1 row in set, 1 warning (0.00 sec)\n```", "```\n$ `unbuffer mysql --column-type-info -e \"SELECT ROUND(10.5)\" | grep Type`\nType:       NEWDECIMAL\n$ `unbuffer mysql --column-type-info -e \"SELECT 100\" | grep Type`\nType:       LONGLONG\n```", "```\nmysql> `EXPLAIN` `SELECT` `t``,` `srcuser``,` `srchost``,` `size``,` `ROUND``(``size``/``1024``)` `AS` `size_KB`\n    -> `FROM` `mail` `WHERE` `ROUND``(``size``/``1024``)` `>` `100``.``0``\\``G`\n*************************** 1. row ***************************\n           id: 1\n  select_type: SIMPLE\n        table: mail\n   partitions: NULL\n         type: range\npossible_keys: size_KB\n          key: size_KB\n      key_len: 10\n          ref: NULL\n         rows: 3\n     filtered: 100.00\n        Extra: Using where\n1 row in set, 1 warning (0.00 sec)\n```", "```\nmysql> `DROP` `INDEX` `size_KB` `ON` `mail``;`\nQuery OK, 0 rows affected (0.01 sec)\nRecords: 0  Duplicates: 0  Warnings: 0\n\nmysql> `CREATE` `INDEX` `size_KB` `ON` `mail` `(``(``CAST``(``ROUND``(``size``/``1024``)` `AS` `SIGNED``)``)``)``;`\nQuery OK, 0 rows affected (0.02 sec)\nRecords: 0  Duplicates: 0  Warnings: 0\n\nmysql> `EXPLAIN` `SELECT` `t``,` `srcuser``,` `srchost``,` `size``,` `ROUND``(``size``/``1024``)` `AS` `size_KB` \n    -> `FROM` `mail` `WHERE` `ROUND``(``size``/``1024``)` `>` `100``\\``G`\n*************************** 1. row ***************************\n           id: 1\n  select_type: SIMPLE\n        table: mail\n   partitions: NULL\n         type: range\npossible_keys: size_KB\n          key: size_KB\n      key_len: 9\n          ref: NULL\n         rows: 3\n     filtered: 100.00\n        Extra: Using where\n1 row in set, 1 warning (0.00 sec)\n```", "```\nCREATE TABLE `book_authors` (\n  `id` int NOT NULL AUTO_INCREMENT,\n  `author` json NOT NULL,\n  PRIMARY KEY (`id`)\n);\n```", "```\nmysql> `SELECT` `*` `FROM` `book_authors``\\``G`\n*************************** 1. row ***************************\n      id: 1\n  author: {\"id\": 1, \"name\": \"Paul\", ↩\n           \"books\": [ ↩\n             \"Software Portability with imake: Practical Software Engineering\", ↩\n             \"Mysql: The Definitive Guide to Using, Programming, ↩\n             and Administering Mysql 4 (Developer's Library)\", ↩\n             \"MYSQL Certification Study Guide\", ↩\n             \"MySQL (OTHER NEW RIDERS)\", ↩\n             \"MySQL Cookbook\", ↩\n             \"MySQL 5.0 Certification Study Guide\", ↩\n             \"Using csh & tcsh: Type Less, Accomplish More (Nutshell Handbooks)\", ↩\n             \"MySQL (Developer's Library)\"], ↩\n           \"lastname\": \"DuBois\"}\nlastname: \"DuBois\"\n*************************** 2. row ***************************\n      id: 2\n  author: {\"id\": 2, \"name\": \"Alkin\", \"books\": [\"MySQL Cookbook\"],↩\n           \"lastname\": \"Tezuysal\"}\nlastname: \"Tezuysal\"\n*************************** 3. row ***************************\n      id: 3\n  author: {\"id\": 3, \"name\": \"Sveta\", ↩\n           \"books\": [\"MySQL Troubleshooting\", \"MySQL Cookbook\"], ↩\n           \"lastname\": \"Smirnova\"}\nlastname: \"Smirnova\"\n3 rows in set (0,00 sec)\n```", "```\nmysql> `CREATE` `INDEX` `author_name` `ON` `book_authors``(``author``)``;`\nERROR 3152 (42000): JSON column 'author' supports indexing only ↩\nvia generated columns on a specified JSON path.\n```", "```\nALTER TABLE book_authors ADD COLUMN lastname VARCHAR(255) \nGENERATED ALWAYS AS(JSON_UNQUOTE(JSON_EXTRACT(author, '$.lastname')));\n```", "```\nALTER TABLE book_authors ADD COLUMN name VARCHAR(255) \nGENERATED ALWAYS AS (author->>'$.name');\n```", "```\nCREATE INDEX author_name ON book_authors(lastname, name);\n```", "```\nmysql> `SELECT` `author``-``>``'$.books'` `FROM` `book_authors` \n    -> `WHERE` `name` `=` `'Sveta'` `AND` `lastname``=``'Smirnova'``;`\n+---------------------------------------------+ | author->'$.books'                           |\n+---------------------------------------------+ | [\"MySQL Troubleshooting\", \"MySQL Cookbook\"] |\n+---------------------------------------------+ 1 row in set (0,00 sec)\n```", "```\nmysql> `EXPLAIN` `SELECT` `author``-``>``'$.books'` `FROM` `book_authors` \n    -> `WHERE` `name` `=` `'Sveta'` `AND` `lastname``=``'Smirnova'``\\``G`\n*************************** 1. row ***************************\n           id: 1\n  select_type: SIMPLE\n        table: book_authors\n   partitions: NULL\n         type: ref\npossible_keys: author_name\n          key: author_name\n      key_len: 2046\n          ref: const,const\n         rows: 1\n     filtered: 100.00\n        Extra: NULL\n1 row in set, 1 warning (0,00 sec)\n```", "```\n    SELECT top_name,name_rank FROM top_names WHERE MATCH(top_name) \n          AGAINST(\"ANDREW\" IN NATURAL LANGUAGE MODE) \\G\n    ```", "```\n    SELECT top_name,name_rank FROM top_names WHERE MATCH(top_name) \n          AGAINST(\"+ANDREW +ANDY -ANN\" IN BOOLEAN MODE) \\G\n    ```", "```\n    SELECT top_name,name_rank FROM top_names WHERE MATCH(top_name) \n          AGAINST(\"ANDY\"  WITH QUERY EXPANSION) \\G\n    ```", "```\nmysql> `EXPLAIN` `SELECT` `top_name``,``name_rank` `FROM` `top_names`\n    -> `WHERE` `top_name``=``\"ANDREW\"` `\\``G`\n    *************************** 1. row ***************************\n           id: 1\n  select_type: SIMPLE\n        table: top_names\n   partitions: NULL\n         type: ref\npossible_keys: idx_top_name,idx_desc_01,idx_desc_02\n          key: idx_top_name\n      key_len: 103\n          ref: const\n         rows: 1\n     filtered: 100.00\n        Extra: NULL\n1 row in set, 1 warning (0.00 sec)\n```", "```\nmysql> `CREATE` `FULLTEXT` `INDEX` `idx_fulltext` `ON` `top_names``(``top_name``)``;`\n    Query OK, 0 rows affected, 1 warning (1.94 sec)\n   Records: 0  Duplicates: 0  Warnings: 1\n```", "```\nmysql> `EXPLAIN` `SELECT` `top_name``,``name_rank` `FROM` `top_names`\n    -> `WHERE` `top_name``=``\"ANDREW\"` `\\``G`\n    *************************** 1. row ***************************\n           id: 1\n  select_type: SIMPLE\n        table: top_names\n   partitions: NULL\n         type: ref\npossible_keys: idx_top_name,idx_desc_01,idx_desc_02,idx_fulltext\n          key: idx_top_name\n      key_len: 103\n          ref: const\n         rows: 1\n     filtered: 100.00\n        Extra: NULL\n1 row in set, 1 warning (0.00 sec)\n```", "```\nmysql> `EXPLAIN` `SELECT` `top_name``,``name_rank` `FROM` `top_names`\n    -> `MATCH``(``top_name``)` `AGAINST``(``\"ANDREW\"``)` `\\``G`\n    *************************** 1. row ***************************\n           id: 1\n  select_type: SIMPLE\n        table: top_names\n   partitions: NULL\n         type: fulltext\npossible_keys: idx_fulltext\n          key: idx_fulltext\n      key_len: 0\n          ref: const\n         rows: 1\n     filtered: 100.00\n        Extra: Using where; Ft_hints: sorted\n1 row in set, 1 warning (0.01 sec)\n```", "```\nmysql> `SELECT` `*` `FROM` `INFORMATION_SCHEMA``.``ST_SPATIAL_REFERENCE_SYSTEMS`\n    ->  `WHERE` `SRS_ID``=``4326` `OR` `SRS_ID``=``3857` `ORDER` `BY` `SRS_ID` `DESC``\\``G`\n    *************************** 1. row ***************************\n                SRS_NAME: WGS 84\n                  SRS_ID: 4326\n            ORGANIZATION: EPSG\nORGANIZATION_COORDSYS_ID: 4326\n              DEFINITION: GEOGCS[\"WGS 84\",DATUM[\"World Geodetic System 1984\",\n              SPHEROID[\"WGS 84\",6378137,298.257223563,AUTHORITY[\"EPSG\",\"7030\"]],\n              AUTHORITY[\"EPSG\",\"6326\"]],PRIMEM[\"Greenwich\",0,AUTHORITY[\"EPSG\",\"8901\"]],\n              UNIT[\"degree\",0.017453292519943278,AUTHORITY[\"EPSG\",\"9122\"]],\n              AXIS[\"Lat\",NORTH],AXIS[\"Lon\",EAST],AUTHORITY[\"EPSG\",\"4326\"]]\n             DESCRIPTION: NULL\n*************************** 2. row ***************************\n                SRS_NAME: WGS 84 / Pseudo-Mercator\n                  SRS_ID: 3857\n            ORGANIZATION: EPSG\nORGANIZATION_COORDSYS_ID: 3857\n              DEFINITION: PROJCS[\"WGS 84 / Pseudo-Mercator\",GEOGCS[\"WGS 84\",\n              DATUM[\"World Geodetic System 1984\",SPHEROID[\"WGS 84\",6378137,\n              298.257223563,AUTHORITY[\"EPSG\",\"7030\"]],AUTHORITY[\"EPSG\",\"6326\"]],\n              PRIMEM[\"Greenwich\",0,AUTHORITY[\"EPSG\",\"8901\"]],UNIT[\"degree\",\n              0.017453292519943278,AUTHORITY[\"EPSG\",\"9122\"]],AXIS[\"Lat\",NORTH]\n              ,AXIS[\"Lon\",EAST],AUTHORITY[\"EPSG\",\"4326\"]],PROJECTION[\"Popular \n              Visualisation Pseudo Mercator\",AUTHORITY[\"EPSG\",\"1024\"]],\n              PARAMETER[\"Latitude of natural origin\",0,AUTHORITY[\"EPSG\",\"8801\"]],\n              PARAMETER[\"Longitude of natural origin\",0,AUTHORITY[\"EPSG\",\"8802\"]],\n              PARAMETER[\"False easting\",0,AUTHORITY[\"EPSG\",\"8806\"]],↩\n              PARAMETER[\"False northing\",\n              0,AUTHORITY[\"EPSG\",\"8807\"]],UNIT[\"metre\",1,AUTHORITY[\"EPSG\",\"9001\"]],↩\n              AXIS[\"X\",EAST],\n              AXIS[\"Y\",NORTH],AUTHORITY[\"EPSG\",\"3857\"]]\n             DESCRIPTION: NULL\n2 rows in set (0.00 sec)\n```", "```\nmysql> `CREATE` `TABLE` `poi` \n    -> `(` `poi_id`  `INT` `UNSIGNED` `AUTO_INCREMENT` `NOT` `NULL`  `PRIMARY` `KEY``,` \n    -> `position` `POINT` `NOT` `NULL` `SRID` `4326``,` `name` `VARCHAR``(``200``)``)``;`\nQuery OK, 0 rows affected (0.02 sec)\n\nmysql> `INSERT` `INTO` `poi` `VALUES` `(``1``,` `ST_GeomFromText``(``'POINT(41.0211 29.0041)'``,` `4326``)``,`\n    -> `'Maiden\\'``s` `Tower``');` Query OK, 1 row affected (0.00 sec)\nmsyql> `INSERT INTO poi VALUES (2, ST_GeomFromText('``POINT``(``41``.``0256` `28``.``9742``)``', 4326),` -> `'``Galata` `Tower``'``)``;`\nQuery OK, 1 row affected (0.00 sec)\n```", "```\nmysql> `CREATE` `SPATIAL` `INDEX` `position` `ON` `poi` `(``position``)``;`\nQuery OK, 0 rows affected (0.01 sec)\nRecords: 0  Duplicates: 0  Warnings: 0\n```", "```\nmysql> `SELECT` `ST_AsText``(``position``)` `FROM` `poi` `WHERE` `poi_id` `=` `1` `INTO` `@``tower1``;`\nQuery OK, 1 row affected (0.00 sec)\nmysql> `SELECT` `ST_AsText``(``position``)` `FROM` `poi` `WHERE` `poi_id` `=` `2` `INTO` `@``tower2``;`\nQuery OK, 1 row affected (0.00 sec)\nmysql> `SELECT` `ST_Distance``(``ST_GeomFromText``(``@``tower1``,` `4326``)``,`\n    -> `ST_GeomFromText``(``@``tower2``,` `4326``)``)` `AS` `distance``;`\n+--------------------+ | distance           |\n+--------------------+ | 2563.9276036976544 |\n+--------------------+ 1 row in set (0.00 sec)\n```", "```\nmysql> `EXPLAIN` `SELECT` `ST_Distance``(``ST_GeomFromText``(``@``tower1``,` `4326``)``,` \n-> `ST_GeomFromText``(``@``tower2``,` `4326``)``)` `AS` `dist` `\\``G`\n*************************** 1. row ***************************\n           id: 1\n  select_type: SIMPLE\n        table: NULL\n   partitions: NULL\n         type: NULL\npossible_keys: NULL\n          key: NULL\n      key_len: NULL\n          ref: NULL\n         rows: NULL\n     filtered: NULL\n        Extra: No tables used\n1 row in set, 1 warning (0.00 sec)\n```", "```\nmysql> `SELECT` `ST_Distance_Sphere``(``ST_GeomFromText``(``@``tower1``,` `4326``)``,` \n    -> `ST_GeomFromText``(``@``tower2``,` `4326``)``)` `AS` `dist``;`\n+--------------------+ | dist               |\n+--------------------+ | 2557.7412439442496 |\n+--------------------+ 1 row in set (0.00 sec)\n```", "```\nmysql> `SET` `@``poly` `:``=` `ST_GeomFromText` `(` `'POLYGON(( 41.104897239651905 28.876082545638166,` -> `41.05727989444261 29.183699733138166,` -> `40.90384226781947 29.137007838606916,` -> `40.94119778455447 28.865096217513166,` -> `41.104897239651905 28.876082545638166))'``,` `4326``)``;`\n```", "```\nmysql> `SELECT`  `poi_id``,` `name``,` `ST_AsText``(```", "```position```", "```)` \n    -> `AS` `` ` ```", "``` ` `` `FROM` `poi` `WHERE` `ST_Within``(` `` ` ```", "``` ` ```", "```\n\nCheck whether the spatial index used or not?\n\n```", "``` ` ```", "``` ` ```", "```towers```", "```position```", "```,` `@``poly``)` `\\``G`\n*************************** 1. row ***************************\n           id: 1\n  select_type: SIMPLE\n        table: poi\n   partitions: NULL\n         type: range\npossible_keys: position\n          key: position\n      key_len: 34\n          ref: NULL\n         rows: 2\n     filtered: 100.00\n        Extra: Using where\n1 row in set, 1 warning (0.00 sec)\n```", "```\nmysql> `CREATE` `TABLE` `histograms``(``f1` `INT``)``;`\nQuery OK, 0 rows affected (0,03 sec)\n\nmysql> `INSERT` `INTO` `histograms` `VALUES``(``1``)``,``(``2``)``,``(``2``)``,``(``3``)``,``(``3``)``,``(``3``)``;`\nQuery OK, 6 rows affected (0,00 sec)\nRecords: 6  Duplicates: 0  Warnings: 0\n\nmysql> `SELECT` `f1``,` `COUNT``(``f1``)` `FROM` `histograms` `GROUP` `BY` `f1``;`\n+------+-----------+ | f1   | COUNT(f1) |\n+------+-----------+ |    1 |         1 |\n|    2 |         2 |\n|    3 |         3 |\n+------+-----------+ 3 rows in set (0,00 sec)\n```", "```\nmysql> `\\``P` `grep` `filtered`\nPAGER set to 'grep filtered'\nmysql> `EXPLAIN` `SELECT` `*` `FROM` `histograms` `WHERE` `f1``=``1``\\``G`\n     filtered: 16.67\n1 row in set, 1 warning (0,00 sec)\n\nmysql> `EXPLAIN` `SELECT` `*` `FROM` `histograms` `WHERE` `f1``=``2``\\``G`\n     filtered: 16.67\n1 row in set, 1 warning (0,00 sec)\n\nmysql> `EXPLAIN` `SELECT` `*` `FROM` `histograms` `WHERE` `f1``=``3``\\``G`\n     filtered: 16.67\n1 row in set, 1 warning (0,00 sec)\n```", "```\nmysql> `ANALYZE` `TABLE` `histograms` `UPDATE` `HISTOGRAM` `ON` `f1``\\``G`\n*************************** 1. row ***************************\n   Table: cookbook.histograms\n      Op: histogram\nMsg_type: status\nMsg_text: Histogram statistics created for column 'f1'.\n1 row in set (0,01 sec)\n```", "```\nmysql> `SELECT` `*` `FROM` `information_schema``.``column_statistics`\n    -> `WHERE` `table_name``=``'histograms'``\\``G`\n*************************** 1. row ***************************\nSCHEMA_NAME: cookbook\n TABLE_NAME: histograms\nCOLUMN_NAME: f1\n  HISTOGRAM: {\"buckets\": [[1, 0.16666666666666666], [2, 0.5], [3, 1.0]], \n              \"data-type\": \"int\", \n              \"null-values\": 0.0, \n              \"collation-id\": 8, \n              \"last-updated\": \"2021-05-23 17:29:46.595599\", \n              \"sampling-rate\": 1.0, \n              \"histogram-type\": \"singleton\", \n              \"number-of-buckets-specified\": 100}\n1 row in set (0,00 sec)\n```", "```\nmysql> `\\``P` `grep` `filtered`\nPAGER set to 'grep filtered'\nmysql> `EXPLAIN` `SELECT` `*` `FROM` `histograms` `WHERE` `f1``=``1``\\``G`\n     filtered: 16.67\n1 row in set, 1 warning (0,00 sec)\n\nmysql> `EXPLAIN` `SELECT` `*` `FROM` `histograms` `WHERE` `f1``=``2``\\``G`\n     filtered: 33.33\n1 row in set, 1 warning (0,00 sec)\n\nmysql> `EXPLAIN` `SELECT` `*` `FROM` `histograms` `WHERE` `f1``=``3``\\``G`\n     filtered: 50.00\n1 row in set, 1 warning (0,00 sec)\n```", "```\nmysql> `\\``P` `grep` `-``B` `3` `table`\nPAGER set to 'grep -B 3 table'\nmysql> `EXPLAIN` `SELECT` `*` `FROM` `histograms` `h1` `JOIN` `histograms` `h2`\n    -> `WHERE` `h1``.``f1``=``1` `and` `h2``.``f1``=``3``\\``G`\n*************************** 1. row ***************************\n           id: 1\n  select_type: SIMPLE\n        table: h1\n-- *************************** 2. row ***************************\n           id: 1\n  select_type: SIMPLE\n        table: h2\n2 rows in set, 1 warning (0,00 sec)\n\nmysql> `EXPLAIN` `SELECT` `*` `FROM` `histograms` `h1` `JOIN` `histograms` `h2`\n    -> `WHERE` `h1``.``f1``=``3` `and` `h2``.``f1``=``1``\\``G`\n*************************** 1. row ***************************\n           id: 1\n  select_type: SIMPLE\n        table: h2\n-- *************************** 2. row ***************************\n           id: 1\n  select_type: SIMPLE\n        table: h1\n2 rows in set, 1 warning (0,00 sec)\n```", "```\nCREATE TABLE `goods_shops` (\n  `id` int NOT NULL AUTO_INCREMENT,\n  `good_id` varchar(30) DEFAULT NULL,\n  `location` varchar(30) DEFAULT NULL,\n  `delivery_options` varchar(30) DEFAULT NULL,\n  PRIMARY KEY (`id`),\n  KEY `good_id` (`good_id`,`location`,`delivery_options`),\n  KEY `location` (`location`,`delivery_options`)\n);\n\nCREATE TABLE `goods_characteristics` (\n  `id` int NOT NULL AUTO_INCREMENT,\n  `good_id` varchar(30) DEFAULT NULL,\n  `size` int DEFAULT NULL,\n  `manufacturer` varchar(30) DEFAULT NULL,\n  PRIMARY KEY (`id`),\n  KEY `good_id` (`good_id`,`size`,`manufacturer`),\n  KEY `size` (`size`,`manufacturer`)\n);\n```", "```\nmysql> `SELECT` `COUNT``(``*``)` `FROM` `goods_shops` \n    -> `JOIN` `goods_characteristics` `USING` `(``good_id``)` \n    -> `WHERE` `size` `<` `13` `AND` `manufacturer` \n    -> `IN` `(``'Lenovo'``,` `'Dell'``,` `'Toshiba'``,` `'Samsung'``,` `'Acer'``)` \n    -> `AND` `(``location` `IN` `(``'Moscow'``,` `'Kiev'``)` \n    -> `OR` `delivery_options` `IN` `(``'Premium'``,` `'Urgent'``)``)``;`\n+----------+ | count(*) |\n+----------+ |   816640 |\n+----------+ 1 row in set (6 min 31,75 sec)\n```", "```\nmysql> `EXPLAIN` `SELECT` `COUNT``(``*``)` `FROM` `goods_shops` `JOIN` `goods_characteristics`\n    -> `USING``(``good_id``)` `WHERE` `size` `<` `13` `AND` \n    -> `manufacturer` `IN` `(``'Lenovo'``,` `'Dell'``,` `'Toshiba'``,` `'Samsung'``,` `'Acer'``)` `AND`\n    -> `(``location` `IN` `(``'Moscow'``,` `'Kiev'``)` `OR` `delivery_options` `IN` `(``'Premium'``,` `'Urgent'``)``)``\\``G`\n*************************** 1. row ***************************\n           id: 1\n  select_type: SIMPLE\n        table: goods_characteristics\n   partitions: NULL\n         type: index\npossible_keys: good_id,size\n          key: good_id\n      key_len: 251\n          ref: NULL\n         rows: 137026\n     filtered: 25.00\n        Extra: Using where; Using index\n*************************** 2. row ***************************\n           id: 1\n  select_type: SIMPLE\n        table: goods_shops\n   partitions: NULL\n         type: ref\npossible_keys: good_id,location\n          key: good_id\n      key_len: 123\n          ref: cookbook.goods_characteristics.good_id\n         rows: 66422\n     filtered: 36.00\n        Extra: Using where; Using index\n2 rows in set, 1 warning (0,00 sec)\n```", "```\nmysql> `ANALYZE` `TABLE` `goods_shops` `UPDATE` `HISTOGRAM` `ON` `location``,` `delivery_options``\\``G`\n*************************** 1. row ***************************\n   Table: cookbook.goods_shops\n      Op: histogram\nMsg_type: status\nMsg_text: Histogram statistics created for column 'delivery_options'.\n*************************** 2. row ***************************\n   Table: cookbook.goods_shops\n      Op: histogram\nMsg_type: status\nMsg_text: Histogram statistics created for column 'location'.\n2 rows in set (0,24 sec)\n\nmysql> `SELECT` `COUNT``(``*``)` `FROM` `goods_shops` `JOIN` `goods_characteristics`\n    -> `USING``(``good_id``)` `WHERE` `size` `<` `13` `AND` \n    -> `manufacturer` `IN` `(``'Lenovo'``,` `'Dell'``,` `'Toshiba'``,` `'Samsung'``,` `'Acer'``)` `AND` \n    -> `(``location` `IN` `(``'Moscow'``,` `'Kiev'``)` `OR` `delivery_options` `IN` `(``'Premium'``,` `'Urgent'``)``)``;`\n+----------+ | COUNT(*) |\n+----------+ |   816640 |\n+----------+ 1 row in set (1,42 sec)\n\nmysql> `EXPLAIN` `SELECT` `COUNT``(``*``)` `FROM` `goods_shops` `JOIN` `goods_characteristics`\n    -> `USING``(``good_id``)` `WHERE` `size` `<` `13` `AND` \n    -> `manufacturer` `IN` `(``'Lenovo'``,` `'Dell'``,` `'Toshiba'``,` `'Samsung'``,` `'Acer'``)` `AND`\n    -> `(``location` `IN` `(``'Moscow'``,` `'Kiev'``)` `OR` `delivery_options` `IN` `(``'Premium'``,` `'Urgent'``)``)``\\``G`\n*************************** 1. row ***************************\n           id: 1\n  select_type: SIMPLE\n        table: goods_shops\n   partitions: NULL\n         type: index\npossible_keys: good_id,location\n          key: good_id\n      key_len: 369\n          ref: NULL\n         rows: 66422\n     filtered: 0.09\n        Extra: Using where; Using index\n*************************** 2. row ***************************\n           id: 1\n  select_type: SIMPLE\n        table: goods_characteristics\n   partitions: NULL\n         type: ref\npossible_keys: good_id,size\n          key: good_id\n      key_len: 123\n          ref: cookbook.goods_shops.good_id\n         rows: 137026\n     filtered: 25.00\n        Extra: Using where; Using index\n2 rows in set, 1 warning (0,00 sec)\n```", "```\nmysql> `SELECT names_id,top_name,name_rank FROM top_names` \n    -> `WHERE names_id=699 \\G`\n*************************** 1\\. row ***************************\n names_id: 699\n top_name: KOCH\nname_rank: 698\n1 row in set (0.00 sec)\n```", "```\nmysql> `EXPLAIN SELECT names_id,top_name,name_rank FROM top_names` \n    -> `WHERE names_id>800 AND names_id < 900 \\G`\n*************************** 1\\. row ***************************\n           id: 1\n  select_type: SIMPLE\n        table: top_names\n   partitions: NULL\n         type: range\npossible_keys: PRIMARY\n          key: PRIMARY\n      key_len: 4\n          ref: NULL\n         rows: 99\n     filtered: 100.00\n        Extra: Using where\n1 row in set, 1 warning (0.00 sec)\n```", "```\nmysql> `EXPLAIN SELECT name_rank,top_name,name_count`\n -> `FROM top_names WHERE name_rank < 10 ORDER BY name_count\\G`\n*************************** 1\\. row ***************************\n           id: 1\n  select_type: SIMPLE\n        table: top_names\n   partitions: NULL\n         type: range\npossible_keys: idx_name_rank_count\n          key: idx_name_rank_count\n      key_len: 3\n          ref: NULL\n         rows: 10\n     filtered: 100.00\n        Extra: Using index condition; Using filesort\n1 row in set, 1 warning (0.00 sec)\n```", "```\nmysql> `EXPLAIN` `SELECT` `names_id``,` `name_rank``,` `name_count` `FROM` `top_names` \n    -> `WHERE` `name_rank` `<` `10` `ORDER` `BY` `name_count``\\``G`\n*************************** 1. row ***************************\n           id: 1\n  select_type: SIMPLE\n        table: top_names\n   partitions: NULL\n         type: range\npossible_keys: idx_name_rank_count\n          key: idx_name_rank_count\n      key_len: 3\n          ref: NULL\n         rows: 10\n     filtered: 100.00\n        Extra: Using where; Using index; Using filesort\n1 row in set, 1 warning (0,00 sec)\n```", "```\nmysql> `EXPLAIN SELECT names_id,top_name,name_rank FROM` \n    -> `top_names WHERE names_id= '123 names' \\G`\n*************************** 1\\. row ***************************\n           id: 1\n  select_type: SIMPLE\n        table: top_names\n   partitions: NULL\n         type: const\npossible_keys: PRIMARY\n          key: PRIMARY\n      key_len: 4\n          ref: const\n         rows: 1\n     filtered: 100.00\n        Extra: NULL\n1 row in set, 1 warning (0,00 sec)\n\nmysql> `SHOW WARNINGS\\G`\n*************************** 1\\. row ***************************\n  Level: Warning\n   Code: 1292\nMessage: Truncated incorrect DOUBLE value: '123 names'\n*************************** 2\\. row ***************************\n  Level: Note\n   Code: 1003\nMessage: /* select#1 */ select '123' AS `names_id`,'WALLACE' AS `top_name`, ↩\n         '123' AS `name_rank` from `cookbook`.`top_names` where true\n2 rows in set (0,00 sec)\n```", "```\nmysql> `EXPLAIN SELECT names_id,name_rank, top_name FROM` \n    -> `top_names WHERE top_name NOT IN (\"LARA\",\"ILAYDA\",\"ASLIHAN\") \\G`\n*************************** 1\\. row ***************************\n           id: 1\n  select_type: SIMPLE\n        table: top_names\n   partitions: NULL\n         type: ALL\npossible_keys: idx_top_name,idx_desc_01,idx_desc_02,idx_fulltext\n          key: NULL\n      key_len: NULL\n          ref: NULL\n         rows: 161533\n     filtered: 100.00\n        Extra: Using where\n1 row in set, 1 warning (0.00 sec)\n```", "```\nmysql> `EXPLAIN SELECT names_id,name_rank, top_name FROM` \n    -> `top_names WHERE name_rank > 15000 ORDER BY top_name \\G`\n*************************** 1\\. row ***************************\n           id: 1\n  select_type: SIMPLE\n        table: top_names\n   partitions: NULL\n         type: ALL\npossible_keys: NULL\n          key: NULL\n      key_len: NULL\n          ref: NULL\n         rows: 161533\n     filtered: 33.33\n        Extra: Using where; Using filesort\n1 row in set, 1 warning (0.00 sec)\n```", "```\nmysql> `EXPLAIN SELECT names_id,name_rank, top_name FROM top_names WHERE` \n    -> `name_rank > 15000 ORDER BY name_rank LIMIT 10\\G`\n*************************** 1\\. row ***************************\n           id: 1\n  select_type: SIMPLE\n        table: top_names\n   partitions: NULL\n         type: ALL\npossible_keys: NULL\n          key: NULL\n      key_len: NULL\n          ref: NULL\n         rows: 161533\n     filtered: 33.33\n        Extra: Using where; Using filesort\n1 row in set, 1 warning (0.00 sec)\n```", "```\nSELECT a.col_a, a.col_b, b.col_a FROM table_a a\nINNER JOIN table_b b\nON a.key = b.key;\n```"]