["```\nCREATE TABLE mail\n(\n  id      INT NOT NULL AUTO_INCREMENT PRIMARY KEY,\n  t       DATETIME,    # when message was sent\n  srcuser VARCHAR(8),  # sender (source user and host)\n  srchost VARCHAR(20),\n  dstuser VARCHAR(8),  # recipient (destination user and host)\n  dsthost VARCHAR(20),\n  size    BIGINT,      # message size in bytes\n  INDEX (t)\n);\n```", "```\nmysql> `SELECT t, srcuser, srchost, dstuser, dsthost, size FROM mail;`\n+---------------------+---------+---------+---------+---------+---------+\n| t                   | srcuser | srchost | dstuser | dsthost | size    |\n+---------------------+---------+---------+---------+---------+---------+\n| 2014-05-11 10:15:08 | barb    | saturn  | tricia  | mars    |   58274 |\n| 2014-05-12 12:48:13 | tricia  | mars    | gene    | venus   |  194925 |\n| 2014-05-12 15:02:49 | phil    | mars    | phil    | saturn  |    1048 |\n| 2014-05-12 18:59:18 | barb    | saturn  | tricia  | venus   |     271 |\n| 2014-05-14 09:31:37 | gene    | venus   | barb    | mars    |    2291 |\n| 2014-05-14 11:52:17 | phil    | mars    | tricia  | saturn  |    5781 |\n| 2014-05-14 14:42:21 | barb    | venus   | barb    | venus   |   98151 |\n| 2014-05-14 17:03:01 | tricia  | saturn  | phil    | venus   | 2394482 |\n| 2014-05-15 07:17:48 | gene    | mars    | gene    | saturn  |    3824 |\n| 2014-05-15 08:50:57 | phil    | venus   | phil    | venus   |     978 |\n| 2014-05-15 10:25:52 | gene    | mars    | tricia  | saturn  |  998532 |\n| 2014-05-15 17:35:31 | gene    | saturn  | gene    | mars    |    3856 |\n| 2014-05-16 09:00:28 | gene    | venus   | barb    | mars    |     613 |\n| 2014-05-16 23:04:19 | phil    | venus   | barb    | venus   |   10294 |\n| 2014-05-19 12:49:23 | phil    | mars    | tricia  | saturn  |     873 |\n| 2014-05-19 22:21:51 | gene    | saturn  | gene    | venus   |   23992 |\n+---------------------+---------+---------+---------+---------+---------+\n```", "```\n$ `mysql cookbook < mail.sql`\n```", "```\nmysql> `SELECT t, srcuser, srchost, dstuser, dsthost, size FROM mail;`\n+---------------------+---------+---------+---------+---------+---------+\n| t                   | srcuser | srchost | dstuser | dsthost | size    |\n+---------------------+---------+---------+---------+---------+---------+\n| 2014-05-11 10:15:08 | barb    | saturn  | tricia  | mars    |   58274 |\n| 2014-05-12 12:48:13 | tricia  | mars    | gene    | venus   |  194925 |\n| 2014-05-12 15:02:49 | phil    | mars    | phil    | saturn  |    1048 |\n| 2014-05-12 18:59:18 | barb    | saturn  | tricia  | venus   |     271 |\n…\n```", "```\nmysql> `SELECT srcuser, srchost, t, size FROM mail;`\n+---------+---------+---------------------+---------+\n| srcuser | srchost | t                   | size    |\n+---------+---------+---------------------+---------+\n| barb    | saturn  | 2014-05-11 10:15:08 |   58274 |\n| tricia  | mars    | 2014-05-12 12:48:13 |  194925 |\n| phil    | mars    | 2014-05-12 15:02:49 |    1048 |\n| barb    | saturn  | 2014-05-12 18:59:18 |     271 |\n…\n```", "```\nmysql> `SELECT t, srcuser, srchost  FROM mail WHERE srchost = 'venus';`\n+---------------------+---------+---------+\n| t                   | srcuser | srchost |\n+---------------------+---------+---------+\n| 2014-05-14 09:31:37 | gene    | venus   |\n| 2014-05-14 14:42:21 | barb    | venus   |\n| 2014-05-15 08:50:57 | phil    | venus   |\n| 2014-05-16 09:00:28 | gene    | venus   |\n| 2014-05-16 23:04:19 | phil    | venus   |\n+---------------------+---------+---------+\nmysql> `SELECT t, srcuser, srchost FROM mail WHERE srchost LIKE 's%';`\n+---------------------+---------+---------+\n| t                   | srcuser | srchost |\n+---------------------+---------+---------+\n| 2014-05-11 10:15:08 | barb    | saturn  |\n| 2014-05-12 18:59:18 | barb    | saturn  |\n| 2014-05-14 17:03:01 | tricia  | saturn  |\n| 2014-05-15 17:35:31 | gene    | saturn  |\n| 2014-05-19 22:21:51 | gene    | saturn  |\n+---------------------+---------+---------+\n```", "```\nmysql> `SELECT t, srcuser, srchost, dstuser, dsthost, size FROM mail`\n    -> `WHERE srcuser = 'barb' AND dstuser = 'tricia';`\n+---------------------+---------+---------+---------+---------+-------+\n| t                   | srcuser | srchost | dstuser | dsthost | size  |\n+---------------------+---------+---------+---------+---------+-------+\n| 2014-05-11 10:15:08 | barb    | saturn  | tricia  | mars    | 58274 |\n| 2014-05-12 18:59:18 | barb    | saturn  | tricia  | venus   |   271 |\n+---------------------+---------+---------+---------+---------+-------+\n```", "```\nmysql> `SELECT t, CONCAT(srcuser,'@',srchost), size FROM mail;`\n+---------------------+-----------------------------+---------+\n| t                   | CONCAT(srcuser,'@',srchost) | size    |\n+---------------------+-----------------------------+---------+\n| 2014-05-11 10:15:08 | barb@saturn                 |   58274 |\n| 2014-05-12 12:48:13 | tricia@mars                 |  194925 |\n| 2014-05-12 15:02:49 | phil@mars                   |    1048 |\n| 2014-05-12 18:59:18 | barb@saturn                 |     271 |\n…\n```", "```\nmysql> `TABLE` `mail` `ORDER` `BY` `size` `DESC` `LIMIT` `3``;`\n+----+---------------------+---------+---------+---------+---------+---------+ | id | t                   | srcuser | srchost | dstuser | dsthost | size    |\n+----+---------------------+---------+---------+---------+---------+---------+ |  8 | 2014-05-14 17:03:01 | tricia  | saturn  | phil    | venus   | 2394482 |\n| 11 | 2014-05-15 10:25:52 | gene    | mars    | tricia  | saturn  |  998532 |\n|  2 | 2014-05-12 12:48:13 | tricia  | mars    | gene    | venus   |  194925 |\n+----+---------------------+---------+---------+---------+---------+---------+ 3 rows in set (0.00 sec)\n```", "```\nmysql> `SELECT t, srcuser, srchost, size FROM mail;`\n+---------------------+---------+---------+---------+\n| t                   | srcuser | srchost | size    |\n+---------------------+---------+---------+---------+\n| 2014-05-11 10:15:08 | barb    | saturn  |   58274 |\n| 2014-05-12 12:48:13 | tricia  | mars    |  194925 |\n| 2014-05-12 15:02:49 | phil    | mars    |    1048 |\n| 2014-05-12 18:59:18 | barb    | saturn  |     271 |\n…\n```", "```\nmysql> `SELECT`\n    -> `DATE_FORMAT(t,'%M %e, %Y'), CONCAT(srcuser,'@',srchost), size`\n    -> `FROM mail;`\n+----------------------------+-----------------------------+---------+\n| DATE_FORMAT(t,'%M %e, %Y') | CONCAT(srcuser,'@',srchost) | size    |\n+----------------------------+-----------------------------+---------+\n| May 11, 2014               | barb@saturn                 |   58274 |\n| May 12, 2014               | tricia@mars                 |  194925 |\n| May 12, 2014               | phil@mars                   |    1048 |\n| May 12, 2014               | barb@saturn                 |     271 |\n…\n```", "```\nmysql> `SELECT`\n    -> `DATE_FORMAT(t,'%M %e, %Y') AS date_sent,`\n    -> `CONCAT(srcuser,'@',srchost) AS sender,`\n    -> `size FROM mail;`\n+--------------+---------------+---------+\n| date_sent    | sender        | size    |\n+--------------+---------------+---------+\n| May 11, 2014 | barb@saturn   |   58274 |\n| May 12, 2014 | tricia@mars   |  194925 |\n| May 12, 2014 | phil@mars     |    1048 |\n| May 12, 2014 | barb@saturn   |     271 |\n…\n```", "```\nmysql> `SELECT`\n    -> `DATE_FORMAT(t,'%M %e, %Y') AS 'Date of message',`\n    -> `CONCAT(srcuser,'@',srchost) AS 'Message sender',`\n    -> `size AS 'Number of bytes' FROM mail;`\n+-----------------+----------------+-----------------+\n| Date of message | Message sender | Number of bytes |\n+-----------------+----------------+-----------------+\n| May 11, 2014    | barb@saturn    |           58274 |\n| May 12, 2014    | tricia@mars    |          194925 |\n| May 12, 2014    | phil@mars      |            1048 |\n| May 12, 2014    | barb@saturn    |             271 |\n…\n```", "```\nmysql> `SELECT 1 AS INTEGER;`\nYou have an error in your SQL syntax near 'INTEGER'\nmysql> `SELECT 1 AS 'INTEGER';`\n+---------+\n| INTEGER |\n+---------+\n|       1 |\n+---------+\n```", "```\n$sth = $dbh->prepare (\"SELECT srcuser,\n DATE_FORMAT(t,'%M %e, %Y') AS date_sent\n FROM mail\");\n$sth->execute ();\nwhile (my $ref = $sth->fetchrow_hashref ())\n{\n  printf \"user: %s, date sent: %s\\n\", $ref->{srcuser}, $ref->{date_sent};\n}\n```", "```\nStatement s = conn.createStatement ();\ns.executeQuery (\"SELECT srcuser,\"\n                + \" DATE_FORMAT(t,'%M %e, %Y') AS date_sent\"\n                + \" FROM mail\");\nResultSet rs = s.getResultSet ();\nwhile (rs.next ())  // loop through rows of result set\n{\n  String name = rs.getString (\"srcuser\");\n  String dateSent = rs.getString (\"date_sent\");\n  System.out.println (\"user: \" + name + \", date sent: \" + dateSent);\n}\nrs.close ();\ns.close ();\n```", "```\nmysql> `SELECT t, srcuser, dstuser, size/1024 AS kilobytes`\n    -> `FROM mail WHERE kilobytes > 500;`\nERROR 1054 (42S22): Unknown column 'kilobytes' in 'where clause'\n```", "```\nmysql> `SELECT t, srcuser, dstuser, size/1024 AS kilobytes`\n    -> `FROM mail WHERE size/1024 > 500;`\n+---------------------+---------+---------+-----------+\n| t                   | srcuser | dstuser | kilobytes |\n+---------------------+---------+---------+-----------+\n| 2014-05-14 17:03:01 | tricia  | phil    | 2338.3613 |\n| 2014-05-15 10:25:52 | gene    | tricia  |  975.1289 |\n+---------------------+---------+---------+-----------+\n```", "```\nmysql> `SELECT t, srcuser, srchost, dstuser, dsthost, size`\n    -> `FROM mail WHERE dstuser = 'tricia'`\n    -> `ORDER BY srchost, srcuser;`\n+---------------------+---------+---------+---------+---------+--------+\n| t                   | srcuser | srchost | dstuser | dsthost | size   |\n+---------------------+---------+---------+---------+---------+--------+\n| 2014-05-15 10:25:52 | gene    | mars    | tricia  | saturn  | 998532 |\n| 2014-05-14 11:52:17 | phil    | mars    | tricia  | saturn  |   5781 |\n| 2014-05-19 12:49:23 | phil    | mars    | tricia  | saturn  |    873 |\n| 2014-05-11 10:15:08 | barb    | saturn  | tricia  | mars    |  58274 |\n| 2014-05-12 18:59:18 | barb    | saturn  | tricia  | venus   |    271 |\n+---------------------+---------+---------+---------+---------+--------+\n```", "```\nmysql> `SELECT t, srcuser, srchost, dstuser, dsthost, size`\n    -> `FROM mail WHERE size > 50000 ORDER BY size DESC;`\n+---------------------+---------+---------+---------+---------+---------+\n| t                   | srcuser | srchost | dstuser | dsthost | size    |\n+---------------------+---------+---------+---------+---------+---------+\n| 2014-05-14 17:03:01 | tricia  | saturn  | phil    | venus   | 2394482 |\n| 2014-05-15 10:25:52 | gene    | mars    | tricia  | saturn  |  998532 |\n| 2014-05-12 12:48:13 | tricia  | mars    | gene    | venus   |  194925 |\n| 2014-05-14 14:42:21 | barb    | venus   | barb    | venus   |   98151 |\n| 2014-05-11 10:15:08 | barb    | saturn  | tricia  | mars    |   58274 |\n+---------------------+---------+---------+---------+---------+---------+\n```", "```\nmysql> `SELECT srcuser FROM mail;`\n+---------+\n| srcuser |\n+---------+\n| barb    |\n| tricia  |\n| phil    |\n| barb    |\n| gene    |\n| phil    |\n| barb    |\n| tricia  |\n| gene    |\n| phil    |\n| gene    |\n| gene    |\n| gene    |\n| phil    |\n| phil    |\n| gene    |\n+---------+\n```", "```\nmysql> `SELECT DISTINCT srcuser FROM mail;`\n+---------+\n| srcuser |\n+---------+\n| barb    |\n| tricia  |\n| phil    |\n| gene    |\n+---------+\n```", "```\nmysql> `SELECT COUNT(DISTINCT srcuser) FROM mail;`\n+-------------------------+\n| COUNT(DISTINCT srcuser) |\n+-------------------------+\n|                       4 |\n+-------------------------+\n```", "```\nmysql> `SELECT DISTINCT YEAR(t), MONTH(t), DAYOFMONTH(t) FROM mail;`\n+---------+----------+---------------+\n| YEAR(t) | MONTH(t) | DAYOFMONTH(t) |\n+---------+----------+---------------+\n|    2014 |        5 |            11 |\n|    2014 |        5 |            12 |\n|    2014 |        5 |            14 |\n|    2014 |        5 |            15 |\n|    2014 |        5 |            16 |\n|    2014 |        5 |            19 |\n+---------+----------+---------------+\n```", "```\n+---------+------+-------+\n| subject | test | score |\n+---------+------+-------+\n| Jane    | A    |    47 |\n| Jane    | B    |    50 |\n| Jane    | C    |  NULL |\n| Jane    | D    |  NULL |\n| Marvin  | A    |    52 |\n| Marvin  | B    |    45 |\n| Marvin  | C    |    53 |\n| Marvin  | D    |  NULL |\n+---------+------+-------+\n```", "```\nmysql> `SELECT * FROM expt WHERE score = NULL;`\nEmpty set (0.00 sec)\nmysql> `SELECT * FROM expt WHERE score <> NULL;`\nEmpty set (0.00 sec)\n```", "```\nmysql> `SELECT * FROM expt WHERE score IS NULL;`\n+---------+------+-------+\n| subject | test | score |\n+---------+------+-------+\n| Jane    | C    |  NULL |\n| Jane    | D    |  NULL |\n| Marvin  | D    |  NULL |\n+---------+------+-------+\nmysql> `SELECT * FROM expt WHERE score IS NOT NULL;`\n+---------+------+-------+\n| subject | test | score |\n+---------+------+-------+\n| Jane    | A    |    47 |\n| Jane    | B    |    50 |\n| Marvin  | A    |    52 |\n| Marvin  | B    |    45 |\n| Marvin  | C    |    53 |\n+---------+------+-------+\nmysql> `SELECT * FROM expt WHERE score <=> NULL;`\n+---------+------+-------+\n| subject | test | score |\n+---------+------+-------+\n| Jane    | C    |  NULL |\n| Jane    | D    |  NULL |\n| Marvin  | D    |  NULL |\n+---------+------+-------+\n```", "```\nmysql> `SELECT NULL = NULL, NULL <=> NULL;`\n+-------------+---------------+\n| NULL = NULL | NULL <=> NULL |\n+-------------+---------------+\n|        NULL |             1 |\n+-------------+---------------+\n```", "```\nmysql> `SELECT subject, test, IF(score IS NULL,'Unknown', score) AS 'score'`\n    -> `FROM expt;`\n+---------+------+---------+\n| subject | test | score   |\n+---------+------+---------+\n| Jane    | A    | 47      |\n| Jane    | B    | 50      |\n| Jane    | C    | Unknown |\n| Jane    | D    | Unknown |\n| Marvin  | A    | 52      |\n| Marvin  | B    | 45      |\n| Marvin  | C    | 53      |\n| Marvin  | D    | Unknown |\n+---------+------+---------+\n```", "```\nSELECT subject, test, IFNULL(score,'Unknown') AS 'score'\nFROM expt;\n```", "```\nIF(*`expr1`* IS NOT NULL,*`expr1`*,*`expr2`*)\nIFNULL(*`expr1`*,*`expr2`*)\n```", "```\nSELECT subject, test, COALESCE(score,'Unknown') AS 'score' FROM expt;\n```", "```\ncursor.execute(\"SELECT * FROM expt WHERE score = %s\", (score,))\n```", "```\nSELECT * FROM expt WHERE score = NULL;\n```", "```\noperator = \"IS\" if score is None else \"=\"\ncursor.execute(\"SELECT * FROM expt WHERE score {} %s\".format(operator), (score,))\n```", "```\nSELECT * FROM expt WHERE score IS NULL\nSELECT * FROM expt WHERE score = 43;\n```", "```\noperator = \"IS NOT\" if score is None else \"<>\"\n```", "```\nmysql> `SELECT`\n    -> `DATE_FORMAT(t,'%M %e, %Y') AS date_sent,`\n    -> `CONCAT(srcuser,'@',srchost) AS sender,`\n    -> `CONCAT(dstuser,'@',dsthost) AS recipient,`\n    -> `size FROM mail;`\n+--------------+---------------+---------------+---------+\n| date_sent    | sender        | recipient     | size    |\n+--------------+---------------+---------------+---------+\n| May 11, 2014 | barb@saturn   | tricia@mars   |   58274 |\n| May 12, 2014 | tricia@mars   | gene@venus    |  194925 |\n| May 12, 2014 | phil@mars     | phil@saturn   |    1048 |\n| May 12, 2014 | barb@saturn   | tricia@venus  |     271 |\n…\n```", "```\nmysql> `CREATE VIEW mail_view AS`\n    -> `SELECT`\n    -> `DATE_FORMAT(t,'%M %e, %Y') AS date_sent,`\n    -> `CONCAT(srcuser,'@',srchost) AS sender,`\n    -> `CONCAT(dstuser,'@',dsthost) AS recipient,`\n    -> `size FROM mail;`\n```", "```\nmysql> `SELECT date_sent, sender, size FROM mail_view`\n    -> `WHERE size > 100000 ORDER BY size;`\n+--------------+---------------+---------+\n| date_sent    | sender        | size    |\n+--------------+---------------+---------+\n| May 12, 2014 | tricia@mars   |  194925 |\n| May 15, 2014 | gene@mars     |  998532 |\n| May 14, 2014 | tricia@saturn | 2394482 |\n+--------------+---------------+---------+\n```", "```\nmysql> `SELECT * FROM profile;`\n+----+---------+------------+-------+-----------------------+------+\n| id | name    | birth      | color | foods                 | cats |\n+----+---------+------------+-------+-----------------------+------+\n|  1 | Sybil   | 1970-04-13 | black | lutefisk,fadge,pizza  |    0 |\n|  2 | Nancy   | 1969-09-30 | white | burrito,curry,eggroll |    3 |\n|  3 | Ralph   | 1973-11-02 | red   | eggroll,pizza         |    4 |\n|  4 | Lothair | 1963-07-04 | blue  | burrito,curry         |    5 |\n|  5 | Henry   | 1965-02-14 | red   | curry,fadge           |    1 |\n|  6 | Aaron   | 1968-09-17 | green | lutefisk,fadge        |    1 |\n|  7 | Joanna  | 1952-08-20 | green | lutefisk,fadge        |    0 |\n|  8 | Stephen | 1960-05-01 | white | burrito,pizza         |    0 |\n+----+---------+------------+-------+-----------------------+------+\n```", "```\nCREATE TABLE profile_contact\n(\n  id           INT NOT NULL AUTO_INCREMENT PRIMARY KEY,\n  profile_id   INT UNSIGNED NOT NULL, # ID from profile table\n  service      VARCHAR(20) NOT NULL,  # social media service name\n  contact_name VARCHAR(25) NOT NULL,  # name to use for contacting person\n  INDEX (profile_id)\n);\n```", "```\nmysql> `SELECT profile_id, service, contact_name`\n    -> `FROM profile_contact ORDER BY profile_id, service;`\n+------------+----------+--------------+\n| profile_id | service  | contact_name |\n+------------+----------+--------------+\n|          1 | Facebook | user1-fbid   |\n|          1 | Twitter  | user1-twtrid |\n|          2 | Facebook | user2-msnid  |\n|          2 | LinkedIn | user2-lnkdid |\n|          2 | Twitter  | user2-fbrid  |\n|          4 | LinkedIn | user4-lnkdid |\n+------------+----------+--------------+\n```", "```\nmysql> `SELECT profile.id, name, service, contact_name`\n    -> `FROM profile INNER JOIN profile_contact ON profile.id = profile_id;`\n+----+---------+----------+--------------+\n| id | name    | service  | contact_name |\n+----+---------+----------+--------------+\n|  1 | Sybil   | Twitter  | user1-twtrid |\n|  1 | Sybil   | Facebook | user1-fbid   |\n|  2 | Nancy   | Twitter  | user2-fbrid  |\n|  2 | Nancy   | Facebook | user2-msnid  |\n|  2 | Nancy   | LinkedIn | user2-lnkdid |\n|  4 | Lothair | LinkedIn | user4-lnkdid |\n+----+---------+----------+--------------+\n```", "```\nmysql> `SELECT profile_id, service, contact_name FROM profile_contact`\n    -> `WHERE profile_id = (SELECT id FROM profile WHERE name = 'Nancy');`\n+------------+----------+--------------+\n| profile_id | service  | contact_name |\n+------------+----------+--------------+\n|          2 | Twitter  | user2-fbrid  |\n|          2 | Facebook | user2-msnid  |\n|          2 | LinkedIn | user2-lnkdid |\n+------------+----------+--------------+\n```", "```\nmysql> `SELECT * FROM profile LIMIT 1;`\n+----+-------+------------+-------+----------------------+------+\n| id | name  | birth      | color | foods                | cats |\n+----+-------+------------+-------+----------------------+------+\n|  1 | Sybil | 1970-04-13 | black | lutefisk,fadge,pizza |    0 |\n+----+-------+------------+-------+----------------------+------+\nmysql> `SELECT * FROM profile LIMIT 3;`\n+----+-------+------------+-------+-----------------------+------+\n| id | name  | birth      | color | foods                 | cats |\n+----+-------+------------+-------+-----------------------+------+\n|  1 | Sybil | 1970-04-13 | black | lutefisk,fadge,pizza  |    0 |\n|  2 | Nancy | 1969-09-30 | white | burrito,curry,eggroll |    3 |\n|  3 | Ralph | 1973-11-02 | red   | eggroll,pizza         |    4 |\n+----+-------+------------+-------+-----------------------+------+\n```", "```\nmysql> `SELECT * FROM profile ORDER BY birth LIMIT 1;`\n+----+--------+------------+-------+----------------+------+\n| id | name   | birth      | color | foods          | cats |\n+----+--------+------------+-------+----------------+------+\n|  7 | Joanna | 1952-08-20 | green | lutefisk,fadge |    0 |\n+----+--------+------------+-------+----------------+------+\n```", "```\nmysql> `SELECT * FROM profile ORDER BY birth DESC LIMIT 1;`\n+----+-------+------------+-------+---------------+------+\n| id | name  | birth      | color | foods         | cats |\n+----+-------+------------+-------+---------------+------+\n|  3 | Ralph | 1973-11-02 | red   | eggroll,pizza |    4 |\n+----+-------+------------+-------+---------------+------+\n```", "```\nmysql> `SELECT name, DATE_FORMAT(birth,'%m-%d') AS birthday`\n    -> `FROM profile ORDER BY birthday LIMIT 1;`\n+-------+----------+\n| name  | birthday |\n+-------+----------+\n| Henry | 02-14    |\n+-------+----------+\n```", "```\nmysql> `SELECT * FROM profile ORDER BY birth LIMIT 2,1;`\n+----+---------+------------+-------+---------------+------+\n| id | name    | birth      | color | foods         | cats |\n+----+---------+------------+-------+---------------+------+\n|  4 | Lothair | 1963-07-04 | blue  | burrito,curry |    5 |\n+----+---------+------------+-------+---------------+------+\nmysql> `SELECT * FROM profile ORDER BY birth DESC LIMIT 2,1;`\n+----+-------+------------+-------+-----------------------+------+\n| id | name  | birth      | color | foods                 | cats |\n+----+-------+------------+-------+-----------------------+------+\n|  2 | Nancy | 1969-09-30 | white | burrito,curry,eggroll |    3 |\n+----+-------+------------+-------+-----------------------+------+\n```", "```\nSELECT ... FROM ... ORDER BY ... LIMIT 0, 20;\nSELECT ... FROM ... ORDER BY ... LIMIT 20, 20;\nSELECT ... FROM ... ORDER BY ... LIMIT 40, 20;\n…\n```", "```\nmysql> `SELECT COUNT(*) FROM profile;`\n+----------+\n| COUNT(*) |\n+----------+\n|        8 |\n+----------+\n```", "```\nSELECT * FROM profile ORDER BY name LIMIT 0, 3;\nSELECT * FROM profile ORDER BY name LIMIT 3, 3;\nSELECT * FROM profile ORDER BY name LIMIT 6, 3;\n```", "```\nmysql> `SELECT name, birth FROM profile ORDER BY birth DESC LIMIT 4;`\n+-------+------------+\n| name  | birth      |\n+-------+------------+\n| Ralph | 1973-11-02 |\n| Sybil | 1970-04-13 |\n| Nancy | 1969-09-30 |\n| Aaron | 1968-09-17 |\n+-------+------------+\n```", "```\nmysql> `SELECT * FROM`\n    -> `(SELECT name, birth FROM profile ORDER BY birth DESC LIMIT 4) AS t`\n    -> `ORDER BY birth;`\n+-------+------------+\n| name  | birth      |\n+-------+------------+\n| Aaron | 1968-09-17 |\n| Nancy | 1969-09-30 |\n| Sybil | 1970-04-13 |\n| Ralph | 1973-11-02 |\n+-------+------------+\n```", "```\nSELECT * FROM profile LIMIT 5+5;\nSELECT * FROM profile LIMIT @skip_count, @show_count;\n```", "```\n$str = \"SELECT * FROM profile LIMIT $x + $y\";\n```", "```\n$z = $x + $y;\n$str = \"SELECT * FROM profile LIMIT $z\";\n```", "```\n$str = \"SELECT * FROM profile LIMIT \" . ($x + $y);\n```", "```\nmysql> `SELECT` `COUNT``(``distinct` `srcuser``,` `srchost``)` `FROM` `mail``;`\n+----------------------------------+ | count(distinct srcuser, srchost) |\n+----------------------------------+ |                                9 |\n+----------------------------------+ 1 row in set (0.01 sec)\n\nmysql> `select` `count``(``distinct` `dstuser``,` `dsthost``)` `from` `mail``;`\n+----------------------------------+ | count(distinct dstuser, dsthost) |\n+----------------------------------+ |                               10 |\n+----------------------------------+ 1 row in set (0.00 sec)\n```", "```\nmysql> `SELECT` `DISTINCT` `srcuser` `AS` `user``,` `srchost` `AS` `host` `FROM` `mail`\n    -> `UNION`\n    -> `SELECT` `DISTINCT` `dstuser` `AS` `user``,` `dsthost` `AS` `host` `FROM` `mail``;`\n+--------+--------+ | user   | host   |\n+--------+--------+ | barb   | saturn |\n| tricia | mars   |\n| phil   | mars   |\n| gene   | venus  |\n| barb   | venus  |\n| tricia | saturn |\n| gene   | mars   |\n| phil   | venus  |\n| gene   | saturn |\n| phil   | saturn |\n| tricia | venus  |\n| barb   | mars   |\n+--------+--------+ 12 rows in set (0.00 sec)\n```", "```\nmysql> `(``SELECT` `CONCAT``(``srcuser``,` `'@'``,` `srchost``)` `AS` `user``,` `COUNT``(``*``)` `AS` `emails` ![1](Images/1.png)\n    -> `FROM` `mail` `GROUP` `BY` `srcuser``,` `srchost` `ORDER` `BY` `emails` `DESC` `LIMIT` `4``)` ![2](Images/2.png)\n    -> `UNION` `ALL`\n    -> `(``SELECT` `CONCAT``(``dstuser``,` `'@'``,` `dsthost``)` `AS` `user``,` `COUNT``(``*``)` `AS` `emails` \n    -> `FROM` `mail` `GROUP` `BY` `dstuser``,` `dsthost` `ORDER` `BY` `emails` `DESC` `LIMIT` `4``)` ![3](Images/3.png)\n    -> `ORDER` `BY` `user``;`![4](Images/4.png)\n+---------------+--------+ | user          | emails |\n+---------------+--------+ | barb@mars     |      2 |\n| barb@saturn   |      2 |\n| barb@venus    |      2 |\n| gene@saturn   |      2 |\n| gene@venus    |      2 | ![5](Images/5.png)\n| gene@venus    |      2 |\n| phil@mars     |      3 |\n| tricia@saturn |      3 |\n+---------------+--------+ 8 rows in set (0.00 sec)\n```", "```\nmysql> `SELECT` `CONCAT``(``srcuser``,` `'@'``,` `srchost``)` `AS` `user``,` `COUNT``(``*``)` `AS` `mails_sent``,` ![1](Images/1.png)\n    -> `(``SELECT` `COUNT``(``*``)` `FROM` `mail` `d` `WHERE` `d``.``dstuser``=``m``.``srcuser` `AND` `d``.``dsthost``=``m``.``srchost``)`  ![2](Images/2.png)\n    -> `AS` `mails_received` ![3](Images/3.png)\n    -> `FROM` `mail` `m` \n    -> `GROUP` `BY`  `srcuser``,` `srchost`  ![4](Images/4.png)\n    -> `ORDER` `BY` `mails_sent` `DESC``;`\n+---------------+------------+----------------+ | user          | mails_sent | mails_received |\n+---------------+------------+----------------+ | phil@mars     |          3 |              0 |\n| barb@saturn   |          2 |              0 |\n| gene@venus    |          2 |              2 |\n| gene@mars     |          2 |              1 |\n| phil@venus    |          2 |              2 |\n| gene@saturn   |          2 |              1 |\n| tricia@mars   |          1 |              1 |\n| barb@venus    |          1 |              2 |\n| tricia@saturn |          1 |              3 |\n+---------------+------------+----------------+ 9 rows in set (0.00 sec)\n```"]