["```\nCREATE TABLE insect\n(\n  name    VARCHAR(30) NOT NULL,   # type of insect\n  date    DATE NOT NULL,          # date collected\n  origin  VARCHAR(30) NOT NULL    # where collected\n);\n```", "```\nCREATE TABLE insect\n(\n  id      INT UNSIGNED NOT NULL AUTO_INCREMENT,\n  PRIMARY KEY (id),\n  name    VARCHAR(30) NOT NULL,   # type of insect\n  date    DATE NOT NULL,          # date collected\n  origin  VARCHAR(30) NOT NULL    # where collected\n);\n```", "```\nmysql> `INSERT INTO insect (id,name,date,origin) VALUES`\n    -> `(NULL,'housefly','2014-09-10','kitchen'),`\n    -> `(NULL,'millipede','2014-09-10','driveway'),`\n    -> `(NULL,'grasshopper','2014-09-10','front yard'),`\n    -> `(NULL,'stink bug','2014-09-10','front yard');`\n```", "```\nmysql> `INSERT INTO insect (name,date,origin) VALUES`\n    -> `('cabbage butterfly','2014-09-10','garden'),`\n    -> `('ant','2014-09-10','back yard'),`\n    -> `('ant','2014-09-10','back yard'),`\n    -> `('termite','2014-09-10','kitchen woodwork');`\n```", "```\nmysql> `SELECT * FROM insect ORDER BY id;`\n+----+-------------------+------------+------------------+\n| id | name              | date       | origin           |\n+----+-------------------+------------+------------------+\n|  1 | housefly          | 2014-09-10 | kitchen          |\n|  2 | millipede         | 2014-09-10 | driveway         |\n|  3 | grasshopper       | 2014-09-10 | front yard       |\n|  4 | stink bug         | 2014-09-10 | front yard       |\n|  5 | cabbage butterfly | 2014-09-10 | garden           |\n|  6 | ant               | 2014-09-10 | back yard        |\n|  7 | ant               | 2014-09-10 | back yard        |\n|  8 | termite           | 2014-09-10 | kitchen woodwork |\n+----+-------------------+------------+------------------+\n```", "```\n    mysql> `INSERT INTO insect (id,name,date,origin) VALUES`\n        -> `(3,'cricket','2014-09-11','basement');`\n    ERROR 1062 (23000): Duplicate entry '3' for key 'PRIMARY'\n    ```", "```\nid INT UNSIGNED NOT NULL AUTO_INCREMENT,\nPRIMARY KEY (id)\n```", "```\n    id INT UNSIGNED NOT NULL AUTO_INCREMENT,\n    UNIQUE (id)\n    ```", "```\nmysql> `SELECT * FROM insect ORDER BY id;`\n+----+-------------------+------------+------------------+\n| id | name              | date       | origin           |\n+----+-------------------+------------+------------------+\n|  1 | housefly          | 2014-09-10 | kitchen          |\n|  2 | millipede         | 2014-09-10 | driveway         |\n|  3 | grasshopper       | 2014-09-10 | front yard       |\n|  4 | stink bug         | 2014-09-10 | front yard       |\n|  5 | cabbage butterfly | 2014-09-10 | garden           |\n|  6 | ant               | 2014-09-10 | back yard        |\n|  7 | ant               | 2014-09-10 | back yard        |\n|  8 | termite           | 2014-09-10 | kitchen woodwork |\n+----+-------------------+------------+------------------+\n```", "```\nmysql> `DELETE FROM insect WHERE id IN (2,8,7);`\n```", "```\nmysql> `SELECT * FROM insect ORDER BY id;`\n+----+-------------------+------------+------------+\n| id | name              | date       | origin     |\n+----+-------------------+------------+------------+\n|  1 | housefly          | 2014-09-10 | kitchen    |\n|  3 | grasshopper       | 2014-09-10 | front yard |\n|  4 | stink bug         | 2014-09-10 | front yard |\n|  5 | cabbage butterfly | 2014-09-10 | garden     |\n|  6 | ant               | 2014-09-10 | back yard  |\n+----+-------------------+------------+------------+\n```", "```\nALTER TABLE *`tbl_name`* ENGINE = InnoDB;\n```", "```\nmysql> `SELECT ENGINE FROM INFORMATION_SCHEMA.TABLES`\n    -> `WHERE TABLE_SCHEMA = 'cookbook' AND TABLE_NAME = 'insect';`\n+--------+\n| ENGINE |\n+--------+\n| InnoDB |\n+--------+\n```", "```\nTRUNCATE TABLE *`tbl_name`*;\n```", "```\nSELECT MAX(id) FROM insect;\n```", "```\nmysql> `INSERT INTO insect (name,date,origin)`\n    -> `VALUES('cricket','2014-09-11','basement');`\nmysql> `SELECT LAST_INSERT_ID();`\n+------------------+\n| LAST_INSERT_ID() |\n+------------------+\n|                9 |\n+------------------+\n```", "```\nmysql> `INSERT INTO insect (name,date,origin)`\n    -> `VALUES('moth','2014-09-14','windowsill');`\nmysql> `SELECT * FROM insect WHERE id = LAST_INSERT_ID();`\n+----+------+------------+------------+\n| id | name | date       | origin     |\n+----+------+------------+------------+\n| 10 | moth | 2014-09-14 | windowsill |\n+----+------+------------+------------+\n```", "```\n$dbh->do (\"INSERT INTO insect (name,date,origin)\n VALUES('moth','2014-09-14','windowsill')\");\nmy $seq = $dbh->{mysql_insertid};\n```", "```\nmy $sth = $dbh->prepare (\"INSERT INTO insect (name,date,origin)\n VALUES('moth','2014-09-14','windowsill')\");\n$sth->execute ();\nmy $seq = $sth->{mysql_insertid};\n```", "```\nclient.query(\"INSERT INTO insect (name,date,origin)\n VALUES('moth','2014-09-14','windowsill')\")\nseq = client.last_id\n```", "```\n$dbh->exec (\"INSERT INTO insect (name,date,origin)\n VALUES('moth','2014-09-14','windowsill')\");\n$seq = $dbh->lastInsertId ();\n```", "```\ncursor = conn.cursor()\ncursor.execute('''\n INSERT INTO insect (name,date,origin)\n VALUES('moth','2014-09-14','windowsill')\n ''')\nseq = cursor.lastrowid\n```", "```\nStatement s = conn.createStatement ();\ns.executeUpdate (\"INSERT INTO insect (name,date,origin)\"\n                 + \" VALUES('moth','2014-09-14','windowsill')\",\n                 Statement.RETURN_GENERATED_KEYS);\n```", "```\nPreparedStatement s = conn.prepareStatement (\n                    \"INSERT INTO insect (name,date,origin)\"\n                    + \" VALUES('moth','2014-09-14','windowsill')\",\n                    Statement.RETURN_GENERATED_KEYS);\ns.executeUpdate ();\n```", "```\nlong seq;\nResultSet rs = s.getGeneratedKeys ();\nif (rs.next ())\n{\n  seq = rs.getLong (1);\n}\nelse\n{\n  throw new SQLException (\"getGeneratedKeys() produced no value\");\n}\nrs.close ();\ns.close ();\n```", "```\nres, err := db.Exec(`INSERT INTO insect (name,date,origin)\n VALUES ('moth','2014-09-14','windowsill')`)\nseq, err := res.LastInsertId()\n```", "```\nmysql> `SELECT * FROM insect ORDER BY id;`\n+----+-------------------+------------+------------+\n| id | name              | date       | origin     |\n+----+-------------------+------------+------------+\n|  1 | housefly          | 2014-09-10 | kitchen    |\n|  3 | grasshopper       | 2014-09-10 | front yard |\n|  4 | stink bug         | 2014-09-10 | front yard |\n|  5 | cabbage butterfly | 2014-09-10 | garden     |\n|  6 | ant               | 2014-09-10 | back yard  |\n|  9 | cricket           | 2014-09-11 | basement   |\n| 10 | moth              | 2014-09-14 | windowsill |\n+----+-------------------+------------+------------+\n```", "```\nmysql> `ALTER TABLE insect DROP id;`\nmysql> `ALTER TABLE insect`\n    -> `ADD id INT UNSIGNED NOT NULL AUTO_INCREMENT FIRST,`\n    -> `ADD PRIMARY KEY (id);`\n```", "```\nmysql> `SELECT * FROM insect ORDER BY id;`\n+----+-------------------+------------+------------+\n| id | name              | date       | origin     |\n+----+-------------------+------------+------------+\n|  1 | housefly          | 2014-09-10 | kitchen    |\n|  2 | grasshopper       | 2014-09-10 | front yard |\n|  3 | stink bug         | 2014-09-10 | front yard |\n|  4 | cabbage butterfly | 2014-09-10 | garden     |\n|  5 | ant               | 2014-09-10 | back yard  |\n|  6 | cricket           | 2014-09-11 | basement   |\n|  7 | moth              | 2014-09-14 | windowsill |\n+----+-------------------+------------+------------+\n```", "```\nmysql> `ALTER TABLE insect`\n    -> `DROP id,`\n    -> `ADD id INT UNSIGNED NOT NULL AUTO_INCREMENT FIRST;`\n```", "```\n    id MEDIUMINT NOT NULL AUTO_INCREMENT\n    ```", "```\n    ALTER TABLE *`tbl_name`* MODIFY id MEDIUMINT UNSIGNED NOT NULL AUTO_INCREMENT;\n    ```", "```\n    ALTER TABLE *`tbl_name`* MODIFY id BIGINT UNSIGNED NOT NULL AUTO_INCREMENT;\n    ```", "```\nALTER TABLE *`tbl_name`* AUTO_INCREMENT = 1;\n```", "```\nmysql> `SELECT * FROM t;`\n+----------+------+\n| name     | age  |\n+----------+------+\n| boris    |   47 |\n| clarence |   62 |\n| abner    |   53 |\n+----------+------+\n```", "```\nmysql> `ALTER TABLE t`\n    -> `ADD id INT NOT NULL AUTO_INCREMENT,`\n    -> `ADD PRIMARY KEY (id);`\nmysql> `SELECT * FROM t ORDER BY id;`\n+----------+------+----+\n| name     | age  | id |\n+----------+------+----+\n| boris    |   47 |  1 |\n| clarence |   62 |  2 |\n| abner    |   53 |  3 |\n+----------+------+----+\n```", "```\nALTER TABLE t\n  ADD id INT NOT NULL AUTO_INCREMENT FIRST,\n  ADD PRIMARY KEY (id);\n```", "```\nALTER TABLE t\n  ADD id INT NOT NULL AUTO_INCREMENT AFTER name,\n  ADD PRIMARY KEY (id);\n```", "```\n    INSERT INTO *`tbl_name`* (id,...) VALUES(NULL,...);\n    SET @saved_id = LAST_INSERT_ID();\n    ```", "```\nCREATE TABLE invoice\n(\n  inv_id  INT UNSIGNED NOT NULL AUTO_INCREMENT,\n  PRIMARY KEY (inv_id),\n  date    DATE NOT NULL\n  # ... other columns could go here\n  # ... (customer ID, shipping address, etc.)\n);\nCREATE TABLE inv_item\n(\n  inv_id    INT UNSIGNED NOT NULL,  # invoice ID (from invoice table)\n  INDEX (inv_id),\n  qty       INT,                    # quantity\n  description VARCHAR(40)           # description\n);\n```", "```\nINSERT INTO invoice (inv_id,date)\n  VALUES(NULL,CURDATE());\nINSERT INTO inv_item (inv_id,qty,description)\n  VALUES(LAST_INSERT_ID(),1,'hammer');\nINSERT INTO inv_item (inv_id,qty,description)\n  VALUES(LAST_INSERT_ID(),3,'nails, box');\nINSERT INTO inv_item (inv_id,qty,description)\n  VALUES(LAST_INSERT_ID(),12,'bandage');\n```", "```\nCREATE TABLE inv_item\n(\n  inv_id  INT UNSIGNED NOT NULL,  # invoice ID (from invoice table)\n  item_id INT UNSIGNED NOT NULL AUTO_INCREMENT, # item ID\n  PRIMARY KEY (item_id),\n  qty     INT,                                  # quantity\n  description VARCHAR(40)                       # description\n);\n```", "```\n    INSERT INTO invoice (inv_id,date)\n      VALUES(NULL,CURDATE());\n    SET @inv_id = LAST_INSERT_ID();\n    INSERT INTO inv_item (inv_id,qty,description)\n      VALUES(@inv_id,1,'hammer');\n    INSERT INTO inv_item (inv_id,qty,description)\n      VALUES(@inv_id,3,'nails, box');\n    INSERT INTO inv_item (inv_id,qty,description)\n      VALUES(@inv_id,12,'bandage');\n    ```", "```\n    client.query(\"INSERT INTO invoice (inv_id,date) VALUES(NULL,CURDATE())\")\n    inv_id = client.last_id\n    sth = client.prepare(\"INSERT INTO inv_item (inv_id,qty,description)\n     VALUES(?,?,?)\")\n    sth.execute(inv_id, 1, \"hammer\")\n    sth.execute(inv_id, 3, \"nails, box\")\n    sth.execute(inv_id, 12, \"bandage\")\n    ```", "```\nCREATE TABLE booksales (copies INT UNSIGNED);\n```", "```\nCREATE TABLE booksales\n(\n  title   VARCHAR(60) NOT NULL,   # book title\n  copies  INT UNSIGNED NOT NULL,  # number of copies sold\n  PRIMARY KEY (title)\n);\n```", "```\n    INSERT INTO booksales (title,copies) VALUES('The Greater Trumps',0);\n    ```", "```\n    UPDATE booksales SET copies = copies+1 WHERE title = 'The Greater Trumps';\n    ```", "```\n    INSERT INTO booksales (title,copies)\n    VALUES('The Greater Trumps',1)\n    ON DUPLICATE KEY UPDATE copies = copies+1;\n    ```", "```\nSELECT copies FROM booksales WHERE title = 'The Greater Trumps';\n```", "```\nINSERT INTO booksales (title,copies)\nVALUES('The Greater Trumps',LAST_INSERT_ID(1))\nON DUPLICATE KEY UPDATE copies = LAST_INSERT_ID(copies+1);\n```", "```\nSELECT LAST_INSERT_ID();\n```", "```\ncursor = conn.cursor()\ncursor.execute('''\n INSERT INTO booksales (title,copies)\n VALUES('The Greater Trumps',LAST_INSERT_ID(1))\n ON DUPLICATE KEY UPDATE copies = LAST_INSERT_ID(copies+1)\n ''')\ncount = cursor.lastrowid\ncursor.close()\nconn.commit()\n```", "```\nStatement s = conn.createStatement ();\ns.executeUpdate (\n    \"INSERT INTO booksales (title,copies)\"\n    + \"VALUES('The Greater Trumps',LAST_INSERT_ID(1))\"\n    + \"ON DUPLICATE KEY UPDATE copies = LAST_INSERT_ID(copies+1)\",\n    Statement.RETURN_GENERATED_KEYS);\nlong count;\nResultSet rs = s.getGeneratedKeys ();\nif (rs.next ())\n{\n  count = rs.getLong (1);\n}\nelse\n{\n  throw new SQLException (\"getGeneratedKeys() produced no value\");\n}\nrs.close ();\ns.close ();\n```", "```\n    INSERT INTO booksales (title,copies)\n    VALUES('The Greater Trumps',LAST_INSERT_ID(12))\n    ON DUPLICATE KEY UPDATE copies = LAST_INSERT_ID(copies+12);\n    ```", "```\n    UPDATE booksales SET copies = 0;\n    ```", "```\n    client.query(\"SET @x = LAST_INSERT_ID(48)\")\n    seq = client.last_id\n    ```", "```\n    seq = client.query(\"SELECT LAST_INSERT_ID()\").first.values[0]\n    ```", "```\nretrieve most recently used case, box, and unit numbers\nunit = unit + 1     # increment unit number\nif (unit > 12)      # need to start a new box?\n{\n  unit = 1          # go to first unit of next box\n  box = box + 1\n}\nif (box > 6)        # need to start a new case?\n{\n  box = 1           # go to first box of next case\n  case = case + 1\n}\nstore new case, box, and unit numbers\n```", "```\nunit_num = ((seq - 1) % 12) + 1\nbox_num = (int ((seq - 1) / 12) % 6) + 1\ncase_num = int ((seq - 1)/(6 * 12)) + 1\n```", "```\nVenus>  `SET` `auto_increment_offset``=``1``;`\nQuery OK, 0 rows affected (0.00 sec)\n\nVenus>  `SET` `auto_increment_increment``=``3``;`\nQuery OK, 0 rows affected (0.00 sec)\n\nMars>  `SET` `auto_increment_offset``=``2``;`\nQuery OK, 0 rows affected (0.00 sec)\n\nMars>  `SET` `auto_increment_increment``=``3``;`\nQuery OK, 0 rows affected (0.00 sec)\n\nSaturn> `SET` `auto_increment_offset``=``3``;`\nQuery OK, 0 rows affected (0.00 sec)\n\nSaturn> `SET` `auto_increment_increment``=``3``;`\nQuery OK, 0 rows affected (0.00 sec)\n```", "```\nALTER TABLE *`mytable`* AUTO_INCREMENT = *`N`*;\n```", "```\nVenus>  `CREATE` `TABLE` `offset``(`\n    ->  `id` `INT` `NOT` `NULL` `AUTO_INCREMENT` `PRIMARY` `KEY``,`\n    ->  `host` `CHAR``(``32``)`\n    ->  `)``;`\nQuery OK, 0 rows affected (0.03 sec)\n\nVenus>  `INSERT` `INTO` `offset``(``host``)` `VALUES``(``@``@``hostname``)``;` ![1](Images/1.png)\nQuery OK, 1 row affected (0.01 sec)\n\nVenus>  `INSERT` `INTO` `offset``(``host``)` `VALUES``(``@``@``hostname``)``;`\nQuery OK, 1 row affected (0.01 sec)\n\nVenus>  `INSERT` `INTO` `offset``(``host``)` `VALUES``(``@``@``hostname``)``;`\nQuery OK, 1 row affected (0.01 sec)\n\nVenus>  `SELECT` `*` `FROM` `offset``;` ![2](Images/2.png)\n+----+-------+ | id | host  |\n+----+-------+ |  1 | Venus |\n|  4 | Venus |\n|  7 | Venus |\n+----+-------+ 3 rows in set (0.00 sec)\n\nMars>  `ALTER` `TABLE` `offset` `AUTO_INCREMENT``=``2``;`  ![3](Images/3.png)\nQuery OK, 0 rows affected (0.36 sec)\nRecords: 0  Duplicates: 0  Warnings: 0\n\nMars>  `INSERT` `INTO` `offset``(``host``)` `VALUES``(``'Mars'``)``;`\nQuery OK, 1 row affected (0.00 sec)\n\nMars>  `INSERT` `INTO` `offset``(``host``)` `VALUES``(``'Mars'``)``;`\nQuery OK, 1 row affected (0.01 sec)\n\nMars>  `SELECT` `*` `FROM` `offset``;`\n+----+-------+ | id | host  |\n+----+-------+ |  1 | Venus |\n|  4 | Venus |\n|  7 | Venus |\n|  8 | Mars  |  ![4](Images/4.png)\n| 11 | Mars  |\n+----+-------+ 5 rows in set (0.00 sec)\n```", "```\nmysql> `SELECT` `first_name``,` `last_name` `FROM` `name` `ORDER` `BY` `RAND``(``)``;`\n+------------+-----------+ | first_name | last_name |\n+------------+-----------+ | Pete       | Gray      |\n| Vida       | Blue      |\n| Rondell    | White     |\n| Kevin      | Brown     |\n| Devon      | White     |\n+------------+-----------+ 5 rows in set (0.00 sec)\n```", "```\nmysql>  SELECT\n    ->  ROW_NUMBER() OVER *`win`* AS turn, ![1](Images/1.png)\n    ->  first_name, last_name FROM name  ![2](Images/2.png)\n    ->  WINDOW *`win`* ![3](Images/3.png)\n    ->  AS (ORDER BY RAND()); ![4](Images/4.png)\n+------+------------+-----------+\n| turn | first_name | last_name |\n+------+------------+-----------+\n|    1 | Devon      | White     |\n|    2 | Kevin      | Brown     |\n|    3 | Rondell    | White     |\n|    4 | Vida       | Blue      |\n|    5 | Pete       | Gray      |\n+------+------------+-----------+\n5 rows in set (0.00 sec)\n```", "```\nWITH RECURSIVE *`name`*(*`column`*[, *`column`*])\n(SELECT *`expressin`*[, *`expression`*]\nUNION ALL \nSELECT *`expressin`*[, *`expression`*]\nFROM name WHERE ...)\nSELECT * FROM name;\n```", "```\nmysql>  `WITH` `RECURSIVE` `geometric_progression``(``id``)` `AS`\n    ->  `(``SELECT` `2` ![1](Images/1.png)\n    ->  `UNION` `ALL`\n    ->  `SELECT` `id` `*` `2` ![2](Images/2.png)\n    ->  `FROM` `geometric_progression`\n    ->  `LIMIT` `5``)` ![3](Images/3.png)\n    ->  `SELECT` `*` `FROM` `geometric_progression``;`\n+------+ | id   |\n+------+ |    2 |\n|    4 |\n|    8 |\n|   16 |\n|   32 |\n+------+ 5 rows in set (0.00 sec)\n```", "```\nmysql>  `WITH` `RECURSIVE` `sequences``(``id``,` `geo``,` `random``)` `AS`\n    ->  `(``SELECT` `1``,` `3``,` `FLOOR``(``1``+``RAND``(``)``*``5``)`\n    ->  `UNION` `ALL`\n    ->  `SELECT` `id` `+` `1``,` `geo` `*` `4``,` `FLOOR``(``1``+``RAND``(``)``*``5``)`\n    ->  `FROM` `sequences`\n    ->  `WHERE` `id` `<` `5``)`\n    ->  `SELECT` `*` `FROM` `sequences``;`\n+------+------+--------+ | id   | geo  | random |\n+------+------+--------+ |    1 |    3 |      4 |\n|    2 |   12 |      4 |\n|    3 |   48 |      2 |\n|    4 |  192 |      2 |\n|    5 |  768 |      3 |\n+------+------+--------+ 5 rows in set (0.00 sec)\n```", "```\nmysql>  `WITH` `RECURSIVE` `trial``(``id``,` `dose``)` `AS`\n    ->  `(``SELECT` `1``,` `IF``(``1``=``FLOOR``(``1``+``RAND``(``)``*``2``)``,` `'Vaccine'``,` `'Placebo'``)` ![1](Images/1.png)\n    ->   `UNION` `ALL`\n    ->   `SELECT` `id``+``1``,` `IF``(``1``=``FLOOR``(``1``+``RAND``(``)``*``2``)``,` `'Vaccine'``,` `'Placebo'``)`\n    ->     `FROM` `trial`\n    -> `WHERE` `id` `<` `(``SELECT` `COUNT``(``*``)` `FROM` `patients` \n    ->                    `WHERE` `diagnosis` `!``=` `'Data Phobia'` `and` `result` `!``=` `'D'``)``)``,` ![2](Images/2.png)\n    ->   `volunteers` `AS` ![3](Images/3.png)\n    ->  `(``SELECT` `ROW_NUMBER``(``)` `OVER` `win` `AS` `id``,` ![4](Images/4.png)\n    ->          `national_id``,` `name``,` `surname`\n    ->   `FROM` `patients` `WHERE` `diagnosis` `!``=` `'Data Phobia'` `and` `result` `!``=` `'D'`\n    ->  `WINDOW` `win` `AS` `(``ORDER` `BY` `surname``)``)`\n    ->  `SELECT` `national_id``,` `name``,` `surname``,` `dose` ![5](Images/5.png)\n    ->  `FROM` `trial` `JOIN` `volunteers` `USING``(``id``)``;`\n+-------------+-----------+-----------+---------+ | national_id | name      | surname   | dose    |\n+-------------+-----------+-----------+---------+ | 84DC051879  | William   | Brown     | Vaccine |\n| 78FS043029  | David     | Davis     | Vaccine |\n| 38BP394037  | Catherine | Hernandez | Placebo |\n| 28VU492728  | Alice     | Jackson   | Vaccine |\n| 71GE601633  | John      | Johnson   | Vaccine |\n| 09SK434607  | Richard   | Martin    | Placebo |\n| 30NC108735  | Robert    | Martinez  | Placebo |\n| 02WS884704  | Sarah     | Miller    | Placebo |\n| 45MY529190  | Patricia  | Rodriguez | Vaccine |\n| 89AR642465  | Mary      | Smith     | Placebo |\n| 99XC682639  | Emma      | Taylor    | Vaccine |\n| 04WT954962  | Peter     | Wilson    | Vaccine |\n+-------------+-----------+-----------+---------+ 12 rows in set (0.00 sec)\n```", "```\nCREATE TABLE `sequences` (\n  `sequence_name` varchar(64) NOT NULL,\n  `maximum_value` bigint NOT NULL DEFAULT '9223372036854775807',\n  `minimum_value` bigint NOT NULL DEFAULT '-9223372036854775808',\n  `increment` bigint NOT NULL DEFAULT '1',\n  `start_value` bigint NOT NULL DEFAULT '-9223372036854775808',\n  `current_base_value` bigint NOT NULL DEFAULT '-9223372036854775808',\n  `cycle_option` enum('yes','no') NOT NULL DEFAULT 'no',\n  PRIMARY KEY (`sequence_name`)\n) ENGINE=InnoDB DEFAULT CHARSET=utf8mb4 COLLATE=utf8mb4_0900_ai_ci;\n```", "```\nCREATE PROCEDURE create_sequence( \n    sequence_name VARCHAR(64), start_value BIGINT, increment BIGINT, \n    cycle_option ENUM('yes','no'), maximum_value BIGINT, minimum_value BIGINT) \nBEGIN \n    INSERT INTO sequences \n        (sequence_name, maximum_value, minimum_value, increment, start_value, \n         current_base_value, cycle_option) \n        VALUES(\n            sequence_name, \n            COALESCE(maximum_value, 9223372036854775807), \n            COALESCE(minimum_value, -9223372036854775808), \n            COALESCE(increment, 1), \n            COALESCE(start_value, -9223372036854775808), \n            COALESCE(start_value, -9223372036854775808), \n            COALESCE(cycle_option, 'no'));\nEND;\n```", "```\nmysql>  `CALL` `create_sequence``(``'bar'``,` `1``,` `1``,` `'no'``,` `9223372036854775807``,` `-``9223372036854775808``)``;`\nQuery OK, 1 row affected (0.01 sec)\n\nmysql>  `CALL` `create_sequence``(``'baz'``,` `1``,` `1``,` `'yes'``,` `10``,` `1``)``;`\nQuery OK, 1 row affected (0.01 sec)\n\nmysql>  `call` `create_sequence``(``'foo'``,``null``,``null``,``null``,` `null``,` `null``)``;`\nQuery OK, 1 row affected (0.00 sec)\n\nmysql>  `SELECT` `*` `FROM` `sequences``\\``G`\n*************************** 1. row ***************************\n     sequence_name: bar\n     maximum_value: 9223372036854775807\n     minimum_value: 1\n         increment: 1\n       start_value: 1\ncurrent_base_value: 1\n      cycle_option: no\n*************************** 2. row ***************************\n     sequence_name: baz\n     maximum_value: 10\n     minimum_value: 1\n         increment: 1\n       start_value: 1\ncurrent_base_value: 1\n      cycle_option: yes\n*************************** 3. row ***************************\n     sequence_name: foo\n     maximum_value: 9223372036854775807\n     minimum_value: -9223372036854775808\n         increment: 1\n       start_value: -9223372036854775808\ncurrent_base_value: -9223372036854775808\n      cycle_option: no\n3 rows in set (0.00 sec)\n```", "```\nCREATE FUNCTION sequence_next_value(name varchar(64)) RETURNS BIGINT \nBEGIN \n    DECLARE retval BIGINT; \n    SELECT current_base_value INTO retval FROM sequences \n      WHERE sequence_name=name FOR UPDATE; \n    UPDATE sequences SET current_base_value=\n        IF((current_base_value+increment <= maximum_value \n            AND current_base_value+increment >= minimum_value), \n            current_base_value+increment, \n            IF('yes' = cycle_option, start_value, NULL)\n        ) WHERE sequence_name=name;\n    RETURN retval; \nEND;\n```", "```\nmysql>  `SELECT` `sequence_next_value``(``'baz'``)``;`\n+----------------------------+ | sequence_next_value('baz') |\n+----------------------------+ |                         10 |\n+----------------------------+ 1 row in set (0.00 sec)\n\nmysql>  `SELECT` `sequence_next_value``(``'baz'``)``;`\n+----------------------------+ | sequence_next_value('baz') |\n+----------------------------+ |                          1 |\n+----------------------------+ 1 row in set (0.01 sec)\n\nmysql>  `SELECT` `sequence_next_value``(``'baz'``)``;`\n+----------------------------+ | sequence_next_value('baz') |\n+----------------------------+ |                          2 |\n+----------------------------+ 1 row in set (0.01 sec)\n```", "```\nmysql>  `CALL` `create_sequence``(``'boo'``,` `1``,` `1``,` `'no'``,` `3``,` `1``)``;`\nQuery OK, 1 row affected (0.01 sec)\n\nmysql>  `SELECT` `sequence_next_value``(``'boo'``)``;`\n+----------------------------+ | sequence_next_value('boo') |\n+----------------------------+ |                          1 |\n+----------------------------+ 1 row in set (0.01 sec)\n\nmysql>  `SELECT` `sequence_next_value``(``'boo'``)``;`\n+----------------------------+ | sequence_next_value('boo') |\n+----------------------------+ |                          2 |\n+----------------------------+ 1 row in set (0.01 sec)\n\nmysql>  `SELECT` `sequence_next_value``(``'boo'``)``;`\nERROR 1048 (23000): Column 'current_base_value' cannot be null\n```", "```\nmysql> `CREATE` `TABLE` `sequence_test``(` \n    ->  `id` `BIGINT` `NOT` `NULL` `PRIMARY` `KEY``,`\n    ->  `-- other fields`\n    ->  `)``;`\nQuery OK, 0 rows affected (0.04 sec)\n\nmysql>  `CALL` `create_sequence``(``'sequence_test'``,` `10``,` `5``,` `'no'``,` `null``,` `null``)``;`\nQuery OK, 1 row affected (0.00 sec)\n\nmysql>  `INSERT` `INTO` `sequence_test` `VALUES``(``sequence_next_value``(``'sequence_test'``)``)``;`\nQuery OK, 1 row affected (0.01 sec)\n\nmysql>  `INSERT` `INTO` `sequence_test` `VALUES``(``sequence_next_value``(``'sequence_test'``)``)``;`\nQuery OK, 1 row affected (0.01 sec)\n\nmysql>  `select` `*` `from` `sequence_test``;`\n+----+ | id |\n+----+ | 10 |\n| 15 |\n+----+ 2 rows in set (0.00 sec)\n```", "```\nCREATE TRIGGER sequence_test_bi BEFORE INSERT ON sequence_test \nFOR EACH ROW SET NEW.id=IFNULL(NEW.id, sequence_next_value('sequence_test'));\n```", "```\nmysql>  `INSERT` `INTO` `sequence_test` `VALUES``(``)``;`\nQuery OK, 1 row affected (0.01 sec)\n\nmysql>  `INSERT` `INTO` `sequence_test` `VALUES``(``13``)``;`\nQuery OK, 1 row affected (0.00 sec)\n\nmysql>  `select` `*` `from` `sequence_test``;`\n+----+ | id |\n+----+ | 10 |\n| 13 |\n| 15 |\n| 20 |\n+----+ 4 rows in set (0.00 sec)\n```", "```\nCREATE PROCEDURE delete_sequence(name VARCHAR(64)) \nDELETE FROM sequences WHERE sequence_name=name;\n```"]