["```\nCREATE TABLE person\n(\n  last_name   CHAR(20),\n  first_name  CHAR(20),\n  address     CHAR(40)\n);\n```", "```\nCREATE TABLE person\n(\n  last_name   CHAR(20) NOT NULL,\n  first_name  CHAR(20) NOT NULL,\n  address     CHAR(40),\n  PRIMARY KEY (last_name, first_name)\n);\n```", "```\nCREATE TABLE person\n(\n  last_name   CHAR(20) NOT NULL,\n  first_name  CHAR(20) NOT NULL,\n  address     CHAR(40),\n  UNIQUE (last_name, first_name)\n);\n```", "```\nCREATE TABLE person\n(\n  id          INT UNSIGNED NOT NULL AUTO_INCREMENT,\n  last_name   CHAR(20),\n  first_name  CHAR(20),\n  address     CHAR(40),\n  PRIMARY KEY (id)\n);\n```", "```\nCREATE TABLE person\n(\n  tax_id      INT UNSIGNED NOT NULL,\n  last_name   CHAR(20),\n  first_name  CHAR(20),\n  address     CHAR(40),\n  PRIMARY KEY (tax_id)\n);\n```", "```\nCREATE TABLE `person` (\n  `tax_id` INT UNSIGNED NOT NULL,\n  `last_name` CHAR(20) DEFAULT NULL,\n  `first_name` CHAR(20) DEFAULT NULL,\n  `address` CHAR(40) DEFAULT NULL,\n  PRIMARY KEY (`tax_id`),\n  UNIQUE KEY `last_name` (`last_name`,`first_name`)\n);\n```", "```\nCREATE TABLE person\n(\n  last_name   CHAR(20) NOT NULL,\n  first_name  CHAR(20) NOT NULL,\n  address     CHAR(40),\n  PRIMARY KEY (last_name, first_name)\n);\n```", "```\nmysql> `INSERT INTO person (last_name, first_name)`\n    -> `VALUES('Pinter', 'Marlene');`\nQuery OK, 1 row affected (0.00 sec)\nmysql> `INSERT INTO person (last_name, first_name)`\n    -> `VALUES('Pinter', 'Marlene');`\nERROR 1062 (23000): Duplicate entry 'Pinter-Marlene' for key 'person.PRIMARY'\n```", "```\n    mysql> `INSERT IGNORE INTO person (last_name, first_name)`\n        -> `VALUES('Brown', 'Bartholomew');`\n    Query OK, 1 row affected (0.00 sec)\n    mysql> `INSERT IGNORE INTO person (last_name, first_name)`\n        -> `VALUES('Brown', 'Bartholomew');`\n    Query OK, 0 rows affected, 1 warning (0.00 sec)\n    ```", "```\n    mysql> `REPLACE INTO person (last_name, first_name, address)`\n        -> `VALUES('Baxter', 'Wallace', '57 3rd Ave.');`\n    Query OK, 1 row affected (0.00 sec)\n    mysql> `REPLACE INTO person (last_name, first_name, address)`\n        -> `VALUES('Baxter', 'Wallace', '57 3rd Ave., Apt 102');`\n    Query OK, 2 rows affected (0.00 sec)\n    ```", "```\nCREATE TABLE passtbl\n(\n  email    VARCHAR(60) NOT NULL,\n  password VARBINARY(60) NOT NULL,\n  PRIMARY KEY (email)\n);\n```", "```\nREPLACE INTO passtbl (email,password) VALUES(*`address`*,*`hash_value`*);\n```", "```\nCREATE TABLE poll_vote\n(\n  poll_id      INT UNSIGNED NOT NULL AUTO_INCREMENT,\n  candidate_id INT UNSIGNED,\n  vote_count   INT UNSIGNED,\n  PRIMARY KEY (poll_id, candidate_id)\n);\n```", "```\nmysql> `SELECT * FROM poll_vote;`\nEmpty set (0.00 sec)\nmysql> `INSERT INTO poll_vote (poll_id,candidate_id,vote_count) VALUES(14,3,1)`\n    -> `ON DUPLICATE KEY UPDATE vote_count = vote_count + 1;`\nQuery OK, 1 row affected (0.00 sec)\nmysql> `SELECT * FROM poll_vote;`\n```", "```\n+---------+--------------+------------+\n| poll_id | candidate_id | vote_count |\n+---------+--------------+------------+\n|      14 |            3 |          1 |\n+---------+--------------+------------+\n1 row in set (0.00 sec)\nmysql> `INSERT INTO poll_vote (poll_id,candidate_id,vote_count) VALUES(14,3,1)`\n    -> `ON DUPLICATE KEY UPDATE vote_count = vote_count + 1;`\nQuery OK, 2 rows affected (0.00 sec)\nmysql> `SELECT * FROM poll_vote;`\n+---------+--------------+------------+\n| poll_id | candidate_id | vote_count |\n+---------+--------------+------------+\n|      14 |            3 |          2 |\n+---------+--------------+------------+\n1 row in set (0.00 sec)\n```", "```\n+-----------+-------------+--------------------------+\n| last_name | first_name  | street                   |\n+-----------+-------------+--------------------------+\n| Isaacson  | Jim         | 515 Fordam St., Apt. 917 |\n| Baxter    | Wallace     | 57 3rd Ave.              |\n| McTavish  | Taylor      | 432 River Run            |\n| Pinter    | Marlene     | 9 Sunset Trail           |\n| BAXTER    | WALLACE     | 57 3rd Ave.              |\n| Brown     | Bartholomew | 432 River Run            |\n| Pinter    | Marlene     | 9 Sunset Trail           |\n| Baxter    | Wallace     | 57 3rd Ave., Apt 102     |\n+-----------+-------------+--------------------------+\n```", "```\n    mysql> `SELECT COUNT(*) AS rows FROM catalog_list;`\n    +------+\n    | rows |\n    +------+\n    |    8 |\n    +------+\n    ```", "```\n    mysql> `SELECT COUNT(DISTINCT last_name, first_name) AS 'distinct names'`\n        -> `FROM catalog_list;`\n    +----------------+\n    | distinct names |\n    +----------------+\n    |              5 |\n    +----------------+\n    ```", "```\n    mysql> `SELECT COUNT(*) - COUNT(DISTINCT last_name, first_name)`\n        ->   `AS 'duplicate names'`\n        -> `FROM catalog_list;`\n    +-----------------+\n    | duplicate names |\n    +-----------------+\n    |               3 |\n    +-----------------+\n    ```", "```\n    mysql> `SELECT COUNT(DISTINCT last_name, first_name) / COUNT(*)`\n        ->   `AS 'unique',`\n        -> `1 - (COUNT(DISTINCT last_name, first_name) / COUNT(*))`\n        ->   `AS 'nonunique'`\n        -> `FROM catalog_list;`\n    +--------+-----------+\n    | unique | nonunique |\n    +--------+-----------+\n    | 0.6250 |    0.3750 |\n    +--------+-----------+\n    ```", "```\nmysql> `SELECT COUNT(*), last_name, first_name`\n    -> `FROM catalog_list`\n    -> `GROUP BY last_name, first_name`\n    -> `HAVING COUNT(*) > 1;`\n+----------+-----------+------------+\n| COUNT(*) | last_name | first_name |\n+----------+-----------+------------+\n|        3 | Baxter    | Wallace    |\n|        2 | Pinter    | Marlene    |\n+----------+-----------+------------+\n```", "```\nSELECT COUNT(*), *`column_list`*\nFROM *`tbl_name`*\nGROUP BY *`column_list`*\nHAVING COUNT(*) > 1;\n```", "```\nsub make_dup_count_query\n{\nmy ($db_name, $tbl_name, @col_name) = @_;\n\n  return \"SELECT COUNT(*),\" . join (\",\", @col_name)\n         . \"\\nFROM $db_name.$tbl_name\"\n         . \"\\nGROUP BY \" . join (\",\", @col_name)\n         . \"\\nHAVING COUNT(*) > 1\";\n}\n```", "```\n$str = make_dup_count_query (\"cookbook\", \"catalog_list\",\n                             \"last_name\", \"first_name\");\n```", "```\nSELECT COUNT(*),last_name,first_name\nFROM cookbook.catalog_list\nGROUP BY last_name,first_name\nHAVING COUNT(*) > 1;\n```", "```\nmysql> `CREATE TABLE tmp`\n    -> `SELECT COUNT(*) AS count, last_name, first_name FROM catalog_list`\n    -> `GROUP BY last_name, first_name HAVING count > 1;`\nmysql> `SELECT catalog_list.*`\n    -> `FROM tmp INNER JOIN catalog_list USING (last_name, first_name)`\n    -> `ORDER BY last_name, first_name;`\n+-----------+------------+----------------------+\n| last_name | first_name | street               |\n+-----------+------------+----------------------+\n| Baxter    | Wallace    | 57 3rd Ave.          |\n| BAXTER    | WALLACE    | 57 3rd Ave.          |\n| Baxter    | Wallace    | 57 3rd Ave., Apt 102 |\n| Pinter    | Marlene    | 9 Sunset Trail       |\n| Pinter    | Marlene    | 9 Sunset Trail       |\n+-----------+------------+----------------------+\n```", "```\nmysql> `SELECT * FROM catalog_list ORDER BY last_name, first_name;`\n+-----------+-------------+--------------------------+\n| last_name | first_name  | street                   |\n+-----------+-------------+--------------------------+\n| Baxter    | Wallace     | 57 3rd Ave.              |\n| BAXTER    | WALLACE     | 57 3rd Ave.              |\n| Baxter    | Wallace     | 57 3rd Ave., Apt 102     |\n| Brown     | Bartholomew | 432 River Run            |\n| Isaacson  | Jim         | 515 Fordam St., Apt. 917 |\n| McTavish  | Taylor      | 432 River Run            |\n| Pinter    | Marlene     | 9 Sunset Trail           |\n| Pinter    | Marlene     | 9 Sunset Trail           |\n+-----------+-------------+--------------------------+\n```", "```\n    mysql> `CREATE TABLE tmp LIKE catalog_list;`\n    ```", "```\n    mysql> `INSERT INTO tmp SELECT DISTINCT * FROM catalog_list;`\n    ```", "```\n    mysql> `SELECT * FROM tmp ORDER BY last_name, first_name;`\n    +-----------+-------------+--------------------------+\n    | last_name | first_name  | street                   |\n    +-----------+-------------+--------------------------+\n    | Baxter    | Wallace     | 57 3rd Ave.              |\n    | Baxter    | Wallace     | 57 3rd Ave., Apt 102     |\n    | Brown     | Bartholomew | 432 River Run            |\n    | Isaacson  | Jim         | 515 Fordam St., Apt. 917 |\n    | McTavish  | Taylor      | 432 River Run            |\n    | Pinter    | Marlene     | 9 Sunset Trail           |\n    +-----------+-------------+--------------------------+\n    ```", "```\n    mysql> `DROP TABLE catalog_list;`\n    mysql> `RENAME TABLE tmp TO catalog_list;`\n    ```", "```\nmysql> `CREATE TABLE tmp LIKE catalog_list;`\nmysql> `ALTER TABLE tmp ADD PRIMARY KEY (last_name, first_name);`\nmysql> `INSERT IGNORE INTO tmp SELECT * FROM catalog_list;`\nmysql> `SELECT * FROM tmp ORDER BY last_name, first_name;`\n+-----------+-------------+--------------------------+\n| last_name | first_name  | street                   |\n+-----------+-------------+--------------------------+\n| Baxter    | Wallace     | 57 3rd Ave.              |\n| Brown     | Bartholomew | 432 River Run            |\n| Isaacson  | Jim         | 515 Fordam St., Apt. 917 |\n| McTavish  | Taylor      | 432 River Run            |\n| Pinter    | Marlene     | 9 Sunset Trail           |\n+-----------+-------------+--------------------------+\nmysql> `DROP TABLE catalog_list;`\nmysql> `RENAME TABLE tmp TO catalog_list;`\n```", "```\nmysql> `SELECT COUNT(*), last_name, first_name`\n    -> `FROM catalog_list`\n    -> `GROUP BY last_name, first_name`\n    -> `HAVING COUNT(*) > 1;`\n+----------+-----------+------------+\n| COUNT(*) | last_name | first_name |\n+----------+-----------+------------+\n|        3 | Baxter    | Wallace    |\n|        2 | Pinter    | Marlene    |\n+----------+-----------+------------+\n```", "```\nmysql> `DELETE FROM catalog_list WHERE last_name = 'Baxter'`\n    -> `AND first_name = 'Wallace' LIMIT 2;`\nmysql> `DELETE FROM catalog_list WHERE last_name = 'Pinter'`\n    -> `AND first_name = 'Marlene' LIMIT 1;`\nmysql> `SELECT * FROM catalog_list;`\n+-----------+-------------+--------------------------+\n| last_name | first_name  | street                   |\n+-----------+-------------+--------------------------+\n| Isaacson  | Jim         | 515 Fordam St., Apt. 917 |\n| McTavish  | Taylor      | 432 River Run            |\n| Brown     | Bartholomew | 432 River Run            |\n| Pinter    | Marlene     | 9 Sunset Trail           |\n| Baxter    | Wallace     | 57 3rd Ave., Apt 102     |\n+-----------+-------------+--------------------------+\n```"]